id_pedido,fecha_pedido,cliente,canal,estado,sku,cantidad,precio_unitario,descuento_linea
PED-2025-00001,,,b2c,COMPLETADO,PRV-2021,-3,,
PED-2025-00001,2025-04-19 19:57:00,Grupo Ferreteria Norte,b2c,COMPLETADO,PRV-2104,1,"91,75",0
PED-2025-00001,19-04-2025,Grupo Ferreteria Norte,b2c,COMPLETADO,PRV-2056,10,"141,77",0
PED-2025-00001,2025-04-19,Grupo Ferreteria Norte,b2c,COMPLETADO,PRV-2108,3,6.39,15
PED-2025-00001,2025-04-19,Grupo Ferreteria Norte,b2c,COMPLETADO,PRV-2043,3,"56,38",0
PED-2025-00002,16/04/2025,Talleres Sanchez,B2B,ENVIADO,PRV-2023,5,"410,25",5
PED-2025-00002,2025-04-16 12:59:00,Talleres Sanchez,B2B,ENVIADO,PRV-2109,25,76.21,5
PED-2025-00003,21-04-2025,Distribuciones Aragon,B2C,COMPLETADO,PRV-2017,10,"230,20",10
PED-2025-00003,2025-04-21,Distribuciones Aragon,B2C,COMPLETADO,PRV-2100,50,"377,04",15%
PED-2025-00004,2025-04-18,Talleres Sanchez,Marketplace,CANCELADO,PRV-2028,1,208.22,"0,1"
PED-2025-00004,18/04/2025,Talleres Sanchez,Marketplace,CANCELADO,PRV-2049,1,"395,48",5
PED-2025-00004,2025-04-18 13:28:00,Talleres Sanchez,Marketplace,CANCELADO,PRV-2016,"2,0","336,20",0
PED-2025-00004,18-04-2025,Talleres Sanchez,Marketplace,CANCELADO,PRV-2062,50,116.03,0
PED-2025-00005,2025-04-02,  OBRAS Y REFORMAS PRAT ,MARKETPLACE,COMPLETADO,PRV-2123,3,"363,35",5
PED-2025-00005,2025-04-02,Obras y Reformas Prat,MARKETPLACE,COMPLETADO,PRV-2064,5,"382,61",0
PED-2025-00005,02/04/2025,Obras y Reformas Prat,MARKETPLACE,COMPLETADO,PRV-2062,10,107.30,0
PED-2025-00005,2025-04-02 08:56:00,Obras y Reformas Prat,MARKETPLACE,COMPLETADO,PRV-2044,3,"211,87",0
PED-2025-00006,06-04-2025,Obras y Reformas Prat,MARKETPLACE,enviado,PRV-2020,1,"416,11",5
PED-2025-00006,2025-04-06,Obras y Reformas Prat,MARKETPLACE,enviado,PRV-2018,1,219.16,0
PED-2025-00006,2025-04-06,Obras y Reformas Prat,MARKETPLACE,enviado,PRV-2053,1,"83,18",0
PED-2025-00006,06/04/2025,Obras y Reformas Prat,MARKETPLACE,enviado,PRV-2051,1,"257,83",0
PED-2025-00006,2025-04-06 15:40:00,Obras y Reformas Prat,MARKETPLACE,enviado,PRV-2037,1,293.54,0
PED-2025-00007,04-04-2025,Ferreteria El Tornillo,b2c,COMPLETADO,PRV-2089,"2,0","425,36",0
PED-2025-00007,2025-04-04,Ferreteria El Tornillo,b2c,COMPLETADO,PRV-2120,3,"139,75",0
PED-2025-00007,2025-04-04,Ferreteria El Tornillo,b2c,COMPLETADO,PRV-2036,1,315.32,0
PED-2025-00007,04/04/2025,Ferreteria El Tornillo,b2c,COMPLETADO,PRV-2010,2,"375,04",10
PED-2025-00007,2025-04-04 08:07:00,  FERRETERIA EL TORNILLO ,b2c,COMPLETADO,PRV-6182,5,"172,97",0
PED-2025-00008,01-04-2025,Hidraulica Levante,B2C,PENDIENTE,PRV-2018,3,205.35,0
PED-2025-00008,2025-04-01,Hidraulica Levante,B2C,PENDIENTE,PRV-2112,2,"30,61",5%
PED-2025-00008,2025-04-01,Hidraulica Levante,B2C,PENDIENTE,PRV-2073,1,"303,17",0
PED-2025-00008,01/04/2025,Hidraulica Levante,B2C,PENDIENTE,PRV-2046,1,218.58,10
PED-2025-00008,2025-04-01 18:09:00,Hidraulica Levante,B2C,PENDIENTE,PRV-2054,3,"465,25",0
PED-2025-00009,10-04-2025,Construcciones Elorza,MARKETPLACE,completado,PRV-2115,10,"289,99",0
PED-2025-00009,2025-04-10,Construcciones Elorza,MARKETPLACE,completado,PRV-2061,"1,0",46.29,0
PED-2025-00009,2025-04-10,Construcciones Elorza,MARKETPLACE,completado,PRV-2101,2,"173,88",10
PED-2025-00010,21/04/2025,Obras y Reformas Prat,Marketplace,ENVIADO,PRV-2081,50,"94,97",10
PED-2025-00010,2025-04-21 12:06:00,Obras y Reformas Prat,Marketplace,ENVIADO,PRV-2111,10,67.48,0
PED-2025-00011,02-04-2025,Grupo Ferreteria Norte,b2c,completado,PRV-2112,3,"30,27",10
PED-2025-00011,2025-04-02,Grupo Ferreteria Norte,b2c,completado,PRV-2034,1,"363,04",10
PED-2025-00011,2025-04-02,  GRUPO FERRETERIA NORTE ,b2c,completado,PRV-2086,3,56.84,0
PED-2025-00012,11/04/2025,Ferrolab SA,b2b,Completado,PRV-2111,3,"71,95",10%
PED-2025-00012,2025-04-11 17:41:00,Ferrolab SA,b2b,Completado,PRV-2026,25,"66,60",0
PED-2025-00012,11-04-2025,Ferrolab SA,b2b,Completado,PRV-2047,50,70.23,0
PED-2025-00013,2025-04-01,Instalaciones Bermudez,B2B,COMPLETADO,PRV-2074,1,"251,44",5
PED-2025-00013,2025-04-01,Instalaciones Bermudez,B2B,COMPLETADO,PRV-2034,"5,0","371,31",0
PED-2025-00014,07/05/2025,Suministros Maresme,B2B,cancelado,PRV-2101,3,171.98,0
PED-2025-00014,2025-05-07 15:17:00,Suministros Maresme,B2B,cancelado,PRV-2110,50,"246,84",10
PED-2025-00014,07-05-2025,Suministros Maresme,B2B,cancelado,PRV-2035,25,"301,72",0
PED-2025-00015,2025-05-24,Instalaciones Bermudez,Marketplace,Completado,PRV-2122,2,254.59,0
PED-2025-00015,2025-05-24,Instalaciones Bermudez,Marketplace,Completado,PRV-2001,50,"401,42",0
PED-2025-00015,24/05/2025,Instalaciones Bermudez,Marketplace,Completado,PRV-2121,1,"189,83",0
PED-2025-00015,2025-05-24 13:19:00,Instalaciones Bermudez,Marketplace,Completado,PRV-2042,1,266.01,0
PED-2025-00015,24-05-2025,  INSTALACIONES BERMUDEZ ,Marketplace,Completado,PRV-2004,1,"74,58",0
PED-2025-00016,2025-05-15,Instalaciones Bermudez,B2C,cancelado,PRV-2075,3,"539,32",5
PED-2025-00017,2025-05-09,Distribuciones Aragon,B2B,completado,PRV-2023,3,368.94,"0,15"
PED-2025-00017,09/05/2025,Distribuciones Aragon,B2B,completado,PRV-6150,"2,0","100,59",10
PED-2025-00018,2025-05-20 15:51:00,Hidraulica Levante,b2b,cancelado,PRV-2075,1,"576,15",10%
PED-2025-00018,20-05-2025,Hidraulica Levante,b2b,cancelado,PRV-2034,50,377.66,0
PED-2025-00018,2025-05-20,Hidraulica Levante,b2b,cancelado,PRV-2087,1,"116,80",0
PED-2025-00018,2025-05-20,Hidraulica Levante,b2b,cancelado,PRV-2028,10,"209,91",0
PED-2025-00019,24/05/2025,Almacenes Duran e Hijos,B2B,ENVIADO,PRV-2037,25,297.33,0
PED-2025-00019,2025-05-24 19:07:00,Almacenes Duran e Hijos,B2B,ENVIADO,PRV-2040,1,"337,61",0
PED-2025-00019,24-05-2025,Almacenes Duran e Hijos,B2B,ENVIADO,PRV-2073,1,"299,22",15
PED-2025-00019,2025-05-24,Almacenes Duran e Hijos,B2B,ENVIADO,PRV-2043,1,56.72,"0,05"
PED-2025-00020,2025-05-16,Hidraulica Levante,MARKETPLACE,completado,PRV-2102,3,"379,67",0
PED-2025-00020,16/05/2025,  HIDRAULICA LEVANTE ,MARKETPLACE,completado,PRV-2050,5,"70,31",0
PED-2025-00021,2025-05-14 19:11:00,Ferrolab SA,B2C,PENDIENTE,PRV-2009,"5,0",26.13,15
PED-2025-00021,14-05-2025,Ferrolab SA,B2C,PENDIENTE,PRV-2085,1,"105,26",5
PED-2025-00021,2025-05-14,Ferrolab SA,B2C,PENDIENTE,PRV-2110,3,"245,65",0
PED-2025-00022,2025-05-16,Suministros Industriales Vega,b2c,cancelado,PRV-2036,2,346.47,10
PED-2025-00022,16/05/2025,Suministros Industriales Vega,b2c,cancelado,PRV-2046,1,"222,06",0
PED-2025-00023,2025-05-03 10:52:00,Almacenes Duran e Hijos,B2C,enviado,PRV-2075,2,,0
PED-2025-00023,03-05-2025,Almacenes Duran e Hijos,B2C,enviado,PRV-2123,2,369.31,0
PED-2025-00023,2025-05-03,Almacenes Duran e Hijos,B2C,enviado,PRV-2096,2,"25,81",5
PED-2025-00024,2025-05-07,Talleres Sanchez,MARKETPLACE,completado,PRV-2070,1,"439,71",0
PED-2025-00024,07/05/2025,Talleres Sanchez,MARKETPLACE,completado,PRV-2053,1,76.63,5
PED-2025-00024,2025-05-07 12:16:00,Talleres Sanchez,MARKETPLACE,completado,PRV-2046,25,"230,83",0
PED-2025-00024,07-05-2025,Talleres Sanchez,MARKETPLACE,completado,PRV-2054,"5,0","465,60",0
PED-2025-00024,2025-05-07,  TALLERES SANCHEZ ,MARKETPLACE,completado,PRV-2045,2,429.38,15
PED-2025-00025,2025-05-14,Ferreteria El Tornillo,B2C,ENVIADO,PRV-2093,1,"327,02",0
PED-2025-00025,14/05/2025,Ferreteria El Tornillo,B2C,ENVIADO,PRV-2095,1,"86,49",0
PED-2025-00025,2025-05-14 14:43:00,Ferreteria El Tornillo,B2C,ENVIADO,PRV-2042,1,257.17,0
PED-2025-00025,14-05-2025,Ferreteria El Tornillo,B2C,ENVIADO,PRV-2076,1,"146,70",0
PED-2025-00025,2025-05-14,Ferreteria El Tornillo,B2C,ENVIADO,PRV-2072,5,"54,91",
PED-2025-00026,2025-05-05,Talleres Sanchez,B2B,PENDIENTE,PRV-2011,50,23.46,0
PED-2025-00027,05/05/2025,Ferreteria Los Olivos SL,Marketplace,completado,PRV-2074,1,"275,34",0
PED-2025-00027,2025-05-05 16:48:00,Ferreteria Los Olivos SL,Marketplace,completado,PRV-2097,1,"217,95",10
PED-2025-00028,19-05-2025,Obras y Reformas Prat,b2c,COMPLETADO,PRV-2122,3,244.95,5
PED-2025-00028,2025-05-19,Obras y Reformas Prat,b2c,COMPLETADO,PRV-2001,"1,0","364,88",15%
PED-2025-00029,2025-06-27,Ferreteria Los Olivos SL,b2b,ENVIADO,PRV-2082,3,"427,81",0
PED-2025-00029,27/06/2025,Ferreteria Los Olivos SL,b2b,ENVIADO,PRV-6146,1,35.40,0
PED-2025-00029,2025-06-27 10:40:00,  FERRETERIA LOS OLIVOS SL ,b2b,ENVIADO,PRV-2011,1,"26,29",5
PED-2025-00029,27-06-2025,Ferreteria Los Olivos SL,b2b,ENVIADO,PRV-2047,3,"65,31",5%
PED-2025-00029,2025-06-27,Ferreteria Los Olivos SL,b2b,ENVIADO,PRV-2093,2,352.29,10
PED-2025-00030,2025-06-02,Instalaciones Bermudez,B2C,completado,PRV-2083,3,"109,72",0
PED-2025-00030,02/06/2025,Instalaciones Bermudez,B2C,completado,PRV-6137,2,"127,58",5
PED-2025-00031,2025-06-21 16:27:00,Grupo Ferreteria Norte,B2B,enviado,PRV-6118,50,94.24,0
PED-2025-00031,,Grupo Ferreteria Norte,B2B,enviado,PRV-2024,1,"76,95",5
PED-2025-00031,2025-06-21,Grupo Ferreteria Norte,B2B,enviado,PRV-2046,1,"216,60",0
PED-2025-00032,2025-06-14,Suministros Maresme,B2B,ENVIADO,PRV-2097,"10,0",209.14,0
PED-2025-00032,14/06/2025,Suministros Maresme,B2B,ENVIADO,PRV-2037,2,"327,64",0
PED-2025-00033,2025-06-13 15:37:00,Talleres Sanchez,Marketplace,completado,PRV-2038,3,"203,70",15
PED-2025-00033,13-06-2025,Talleres Sanchez,Marketplace,completado,PRV-2111,1,69.89,5
PED-2025-00033,2025-06-13,Talleres Sanchez,Marketplace,completado,PRV-2075,50,"605,81",0
PED-2025-00033,2025-06-13,  TALLERES SANCHEZ ,Marketplace,completado,PRV-2056,3,"135,51",0
PED-2025-00033,13/06/2025,Talleres Sanchez,Marketplace,completado,PRV-2074,5,258.83,0
PED-2025-00034,2025-06-23 19:54:00,Talleres Sanchez,b2b,COMPLETADO,PRV-2084,25,"44,29",0
PED-2025-00034,23-06-2025,Talleres Sanchez,b2b,COMPLETADO,PRV-2106,3,"310,04",0
PED-2025-00034,2025-06-23,Talleres Sanchez,b2b,COMPLETADO,PRV-2025,1,320.61,0
PED-2025-00034,2025-06-23,Talleres Sanchez,b2b,COMPLETADO,PRV-2115,1,"280,66",0
PED-2025-00034,23/06/2025,Talleres Sanchez,b2b,COMPLETADO,PRV-2113,"3,0","186,37",0
PED-2025-00035,2025-06-19 10:48:00,Comercial Riera,MARKETPLACE,ENVIADO,PRV-2005,10,433.68,0
PED-2025-00035,19-06-2025,Comercial Riera,MARKETPLACE,ENVIADO,PRV-2095,3,"92,55",15%
PED-2025-00036,2025-06-02,,MARKETPLACE,completado,PRV-2025,10,"304,78",5
PED-2025-00036,2025-06-02,Suministros Industriales Vega,MARKETPLACE,completado,PRV-2024,1,77.83,5
PED-2025-00036,02/06/2025,Suministros Industriales Vega,MARKETPLACE,completado,PRV-2086,2,"61,75",0
PED-2025-00036,2025-06-02 09:33:00,Suministros Industriales Vega,MARKETPLACE,completado,PRV-2111,1,"65,30",0
PED-2025-00036,02-06-2025,  SUMINISTROS INDUSTRIALES VEGA ,MARKETPLACE,completado,PRV-2069,2,409.92,"0,15"
PED-2025-00037,2025-06-11,Almacenes Duran e Hijos,Marketplace,COMPLETADO,PRV-2074,10,"262,42",10
PED-2025-00037,2025-06-11,Almacenes Duran e Hijos,Marketplace,COMPLETADO,PRV-2018,1,"203,59",5
PED-2025-00037,11/06/2025,Almacenes Duran e Hijos,Marketplace,COMPLETADO,PRV-2035,1,288.24,0
PED-2025-00038,2025-06-08 10:13:00,Distribuciones Aragon,MARKETPLACE,PENDIENTE,PRV-2077,"1,0","415,98",5
PED-2025-00039,09-06-2025,Comercial Riera,MARKETPLACE,Completado,PRV-2110,10,"273,19",10
PED-2025-00039,2025-06-09,Comercial Riera,MARKETPLACE,Completado,PRV-2005,25,409.83,0
PED-2025-00039,2025-06-09,Comercial Riera,MARKETPLACE,Completado,PRV-2080,1,"416,42",0
PED-2025-00040,05/06/2025,Bricolaje Montseny,B2B,COMPLETADO,PRV-2098,2,"319,81",0
PED-2025-00040,2025-06-05 12:17:00,Bricolaje Montseny,B2B,COMPLETADO,PRV-2057,5,360.62,0
PED-2025-00040,05-06-2025,Bricolaje Montseny,B2B,COMPLETADO,PRV-2009,1,"26,77",0
PED-2025-00040,2025-06-05,Bricolaje Montseny,B2B,COMPLETADO,PRV-2009,5,"28,28",5%
PED-2025-00041,2025-06-18,Ferrolab SA,B2B,COMPLETADO,PRV-2105,25,216.39,10
PED-2025-00042,06/06/2025,  FERRETERIA LOS OLIVOS SL ,B2C,COMPLETADO,PRV-2018,1,"217,93",10
PED-2025-00042,2025-06-06 17:12:00,Ferreteria Los Olivos SL,B2C,COMPLETADO,PRV-2081,5,"93,58",0
PED-2025-00042,06-06-2025,Ferreteria Los Olivos SL,B2C,COMPLETADO,PRV-2025,"10,0",320.59,0
PED-2025-00042,2025-06-06,Ferreteria Los Olivos SL,B2C,COMPLETADO,PRV-2048,2,"261,55",5
PED-2025-00042,2025-06-06,Ferreteria Los Olivos SL,B2C,COMPLETADO,PRV-2103,3,"224,90",0
PED-2025-00043,17/06/2025,Bricolaje Montseny,b2c,enviado,PRV-2047,1,63.18,0
PED-2025-00043,2025-06-17 15:15:00,Bricolaje Montseny,b2c,enviado,PRV-2055,2,"531,67",0
PED-2025-00043,17-06-2025,Bricolaje Montseny,b2c,enviado,PRV-2068,3,"197,06",0
PED-2025-00043,2025-06-17,Bricolaje Montseny,b2c,enviado,PRV-2119,5,202.06,5
PED-2025-00044,2025-06-03,Grupo Ferreteria Norte,B2B,ENVIADO,PRV-2035,0,"287,39",0
PED-2025-00044,03/06/2025,Grupo Ferreteria Norte,B2B,ENVIADO,PRV-2066,10,"501,01",5%
PED-2025-00044,2025-06-03 10:32:00,Grupo Ferreteria Norte,B2B,ENVIADO,PRV-2040,5,344.81,0
PED-2025-00044,03-06-2025,Grupo Ferreteria Norte,B2B,ENVIADO,PRV-2101,5,,10
PED-2025-00045,2025-07-02,  COMERCIAL RIERA ,B2B,COMPLETADO,PRV-2105,"1,0","214,20",10
PED-2025-00045,2025-07-02,Comercial Riera,B2B,COMPLETADO,PRV-2044,1,206.57,10%
PED-2025-00046,19/07/2025,Bricolaje Montseny,Marketplace,enviado,PRV-2016,3,"340,75",0
PED-2025-00046,2025-07-19 11:45:00,Bricolaje Montseny,Marketplace,enviado,PRV-2065,2,"10,55",15
PED-2025-00047,06-07-2025,Instalaciones Bermudez,Marketplace,DEVUELTO,PRV-2102,1,355.78,15
PED-2025-00047,2025-07-06,Instalaciones Bermudez,Marketplace,DEVUELTO,PRV-2052,5,"370,54",0
PED-2025-00047,2025-07-06,Instalaciones Bermudez,Marketplace,DEVUELTO,PRV-2084,10,"40,94",0
PED-2025-00047,06/07/2025,Instalaciones Bermudez,Marketplace,DEVUELTO,PRV-2085,1,103.69,10
PED-2025-00048,2025-07-19 19:14:00,Suministros Industriales Vega,B2B,completado,PRV-2109,-2,"71,95",0
PED-2025-00048,19-07-2025,Suministros Industriales Vega,B2B,completado,PRV-2108,1,"7,14",0
PED-2025-00048,2025-07-19,Suministros Industriales Vega,B2B,completado,PRV-2097,1,201.80,"0,1"
PED-2025-00048,2025-07-19,Suministros Industriales Vega,B2B,completado,PRV-2079,"10,0","694,77",5
PED-2025-00049,03/07/2025,Hidraulica Levante,B2B,CANCELADO,PRV-2032,2,"94,23",10
PED-2025-00049,2025-07-03 18:35:00,  HIDRAULICA LEVANTE ,B2B,CANCELADO,PRV-2024,2,72.59,0
PED-2025-00049,03-07-2025,Hidraulica Levante,B2B,CANCELADO,PRV-2065,25,"11,52",0
PED-2025-00049,2025-07-03,Hidraulica Levante,B2B,CANCELADO,PRV-2049,1,"403,69",5
PED-2025-00049,2025-07-03,Hidraulica Levante,B2B,CANCELADO,PRV-2020,3,365.57,0
PED-2025-00050,18/07/2025,Ferreteria El Tornillo,B2B,ENVIADO,PRV-2006,2,"473,28",15%
PED-2025-00050,2025-07-18 09:47:00,Ferreteria El Tornillo,B2B,ENVIADO,PRV-2059,50,"467,58",5
PED-2025-00050,18-07-2025,Ferreteria El Tornillo,B2B,ENVIADO,PRV-2053,3,84.07,"0,15"
PED-2025-00050,2025-07-18,Ferreteria El Tornillo,B2B,ENVIADO,PRV-2080,25,"420,47",0
PED-2025-00051,2025-07-01,Talleres Sanchez,Marketplace,COMPLETADO,PRV-2092,5,"270,95",0
PED-2025-00051,01/07/2025,Talleres Sanchez,Marketplace,COMPLETADO,PRV-2100,"2,0",404.58,0
PED-2025-00051,2025-07-01 10:20:00,Talleres Sanchez,Marketplace,COMPLETADO,PRV-2098,1,"277,32",
PED-2025-00051,01-07-2025,Talleres Sanchez,Marketplace,COMPLETADO,PRV-2018,2,"209,10",0
PED-2025-00051,2025-07-01,Talleres Sanchez,Marketplace,COMPLETADO,PRV-2052,3,376.08,10%
PED-2025-00052,2025-07-04,  FERRETERIA EL TORNILLO ,B2C,CANCELADO,PRV-2117,1,"488,13",0
PED-2025-00052,04/07/2025,Ferreteria El Tornillo,B2C,CANCELADO,PRV-2116,1,"336,33",5
PED-2025-00053,2025-07-24 16:36:00,Distribuciones Aragon,B2B,COMPLETADO,PRV-2103,10,224.44,"0,05"
PED-2025-00054,19-07-2025,Instalaciones Bermudez,B2B,enviado,PRV-2029,25,"533,03",10%
PED-2025-00054,2025-07-19,Instalaciones Bermudez,B2B,enviado,PRV-2056,2,"129,09",0
PED-2025-00054,2025-07-19,Instalaciones Bermudez,B2B,enviado,PRV-2098,5,291.33,0
PED-2025-00054,19/07/2025,Instalaciones Bermudez,B2B,enviado,PRV-2042,3,"255,90",0
PED-2025-00055,2025-07-24 13:03:00,Comercial Riera,b2b,completado,PRV-2012,"1,0","371,60",0
PED-2025-00055,24-07-2025,Comercial Riera,b2b,completado,PRV-2068,10,211.29,0
PED-2025-00055,2025-07-24,Comercial Riera,b2b,completado,PRV-2032,2,"109,05",0
PED-2025-00055,2025-07-24,Comercial Riera,b2b,completado,PRV-2001,1,"366,66",0
PED-2025-00056,20/07/2025,Suministros Industriales Vega,Marketplace,COMPLETADO,PRV-6133,2,116.44,10%
PED-2025-00056,2025-07-20 09:26:00,Suministros Industriales Vega,Marketplace,COMPLETADO,PRV-2106,5,"312,62",10
PED-2025-00056,20-07-2025,  SUMINISTROS INDUSTRIALES VEGA ,Marketplace,COMPLETADO,PRV-2112,10,"27,36",5
PED-2025-00056,2025-07-20,Suministros Industriales Vega,Marketplace,COMPLETADO,PRV-2035,1,279.69,0
PED-2025-00056,2025-07-20,Suministros Industriales Vega,Marketplace,COMPLETADO,PRV-2059,50,"430,52",10%
PED-2025-00057,04/07/2025,Ferreteria Los Olivos SL,b2b,completado,PRV-6115,1,"150,61",0
PED-2025-00057,2025-07-04 18:03:00,Ferreteria Los Olivos SL,b2b,completado,PRV-2034,10,390.19,0
PED-2025-00057,04-07-2025,Ferreteria Los Olivos SL,b2b,completado,PRV-2054,"3,0","465,19",10
PED-2025-00057,2025-07-04,Ferreteria Los Olivos SL,b2b,completado,PRV-2122,1,"249,39",15%
PED-2025-00058,2025-07-14,Obras y Reformas Prat,Marketplace,COMPLETADO,PRV-2005,2,380.63,"0,1"
PED-2025-00059,07/07/2025,Comercial Riera,MARKETPLACE,completado,PRV-2070,3,"440,09",0
PED-2025-00059,2025-07-07 17:20:00,Comercial Riera,MARKETPLACE,completado,PRV-2090,25,"373,98",0
PED-2025-00059,07-07-2025,Comercial Riera,MARKETPLACE,completado,PRV-2069,2,385.62,10%
PED-2025-00060,2025-07-17,Suministros Maresme,MARKETPLACE,ENVIADO,PRV-2020,2,"378,77",0
PED-2025-00060,,Suministros Maresme,MARKETPLACE,ENVIADO,PRV-2058,5,"171,24",0
PED-2025-00061,23/07/2025,  FERRETERIA EL TORNILLO ,MARKETPLACE,cancelado,PRV-2123,5,347.34,0
PED-2025-00061,2025-07-23 16:43:00,Ferreteria El Tornillo,MARKETPLACE,cancelado,PRV-2034,3,"353,68",0
PED-2025-00061,23-07-2025,Ferreteria El Tornillo,MARKETPLACE,cancelado,PRV-2043,2,"59,61",0
PED-2025-00061,2025-07-23,Ferreteria El Tornillo,MARKETPLACE,cancelado,PRV-2042,"1,0",255.89,0
PED-2025-00062,2025-07-02,Ferreteria El Tornillo,b2b,ENVIADO,PRV-2001,2,"364,83",0
PED-2025-00063,24/08/2025,Instalaciones Bermudez,MARKETPLACE,ENVIADO,PRV-2015,5,"288,66",0
PED-2025-00063,2025-08-24 15:15:00,Instalaciones Bermudez,MARKETPLACE,ENVIADO,PRV-2092,3,269.44,0
PED-2025-00064,26-08-2025,Bricolaje Montseny,B2C,CANCELADO,PRV-2045,1,"448,79",5
PED-2025-00064,2025-08-26,Bricolaje Montseny,B2C,CANCELADO,PRV-2056,2,"137,67",0
PED-2025-00065,2025-08-18,Ferrolab SA,B2C,CANCELADO,PRV-2036,2,313.61,10%
PED-2025-00065,18/08/2025,Ferrolab SA,B2C,CANCELADO,PRV-2023,2,"391,18",0
PED-2025-00066,2025-08-23 08:03:00,Ferreteria El Tornillo,MARKETPLACE,Completado,PRV-2056,1,"126,67",15
PED-2025-00066,23-08-2025,Ferreteria El Tornillo,MARKETPLACE,Completado,PRV-2062,1,108.92,0
PED-2025-00066,2025-08-23,  FERRETERIA EL TORNILLO ,MARKETPLACE,Completado,PRV-2121,1,"213,86",0
PED-2025-00067,2025-09-12,Comercial Riera,b2c,completado,PRV-2020,"1,0","367,66",10
PED-2025-00067,12/09/2025,Comercial Riera,b2c,completado,PRV-2033,10,368.43,0
PED-2025-00067,2025-09-12 14:47:00,Comercial Riera,b2c,completado,PRV-2009,2,"28,67",0
PED-2025-00067,12-09-2025,Comercial Riera,b2c,completado,PRV-2034,10,"357,21",10%
PED-2025-00068,2025-09-06,Ferreteria Los Olivos SL,b2c,COMPLETADO,PRV-2078,10,,0
PED-2025-00068,2025-09-06,Ferreteria Los Olivos SL,b2c,COMPLETADO,PRV-2122,2,"253,85",0
PED-2025-00068,06/09/2025,Ferreteria Los Olivos SL,b2c,COMPLETADO,PRV-6121,5,"57,55",10
PED-2025-00068,2025-09-06 09:43:00,Ferreteria Los Olivos SL,b2c,COMPLETADO,PRV-2035,3,294.53,5%
PED-2025-00069,09-09-2025,Talleres Sanchez,Marketplace,completado,PRV-2032,2,"96,82",0
PED-2025-00069,2025-09-09,Talleres Sanchez,Marketplace,completado,PRV-2092,2,"266,12",0
PED-2025-00069,2025-09-09,Talleres Sanchez,Marketplace,completado,PRV-2059,5,449.99,15
PED-2025-00069,09/09/2025,Talleres Sanchez,Marketplace,completado,PRV-2121,"3,0","197,42",0
PED-2025-00070,2025-09-20 17:59:00,  GRUPO FERRETERIA NORTE ,B2B,COMPLETADO,PRV-2004,25,"78,16",10
PED-2025-00070,20-09-2025,Grupo Ferreteria Norte,B2B,COMPLETADO,PRV-2027,1,115.71,0
PED-2025-00071,2025-09-16,Suministros Industriales Vega,b2c,ENVIADO,PRV-2109,5,"73,50",5
PED-2025-00072,2025-09-08,Bricolaje Montseny,B2B,COMPLETADO,PRV-2075,3,"583,12",0
PED-2025-00072,08/09/2025,Bricolaje Montseny,B2B,COMPLETADO,PRV-2025,10,304.32,"0,05"
PED-2025-00072,2025-09-08 11:50:00,,B2B,COMPLETADO,PRV-2017,10,"233,64",10
PED-2025-00072,08-09-2025,Bricolaje Montseny,B2B,COMPLETADO,PRV-2043,2,"58,58",0
PED-2025-00072,2025-09-08,Bricolaje Montseny,B2B,COMPLETADO,PRV-6176,3,66.70,5%
PED-2025-00073,2025-09-07,Instalaciones Bermudez,b2c,COMPLETADO,PRV-2006,10,"519,79",15
PED-2025-00074,23/09/2025,Suministros Maresme,B2B,cancelado,PRV-2063,50,"405,66",0
PED-2025-00075,2025-09-25 15:43:00,Suministros Maresme,B2B,completado,PRV-2001,"3,0",382.17,5
PED-2025-00075,25-09-2025,Suministros Maresme,B2B,completado,PRV-2064,3,"418,71",0
PED-2025-00076,2025-09-26,Ferreteria El Tornillo,B2C,COMPLETADO,PRV-2122,10,"244,17",0
PED-2025-00076,2025-09-26,  FERRETERIA EL TORNILLO ,B2C,COMPLETADO,PRV-2026,25,65.50,0
PED-2025-00076,26/09/2025,Ferreteria El Tornillo,B2C,COMPLETADO,PRV-2028,50,"197,46",10
PED-2025-00076,2025-09-26 15:03:00,Ferreteria El Tornillo,B2C,COMPLETADO,PRV-2007,2,"57,62",0
PED-2025-00076,26-09-2025,Ferreteria El Tornillo,B2C,COMPLETADO,PRV-2120,2,137.62,5
PED-2025-00077,2025-09-06,Grupo Ferreteria Norte,b2b,CANCELADO,PRV-2018,25,"225,71",15
PED-2025-00077,2025-09-06,Grupo Ferreteria Norte,b2b,CANCELADO,PRV-2091,50,"319,97",15
PED-2025-00077,06/09/2025,Grupo Ferreteria Norte,b2b,CANCELADO,PRV-2087,2,116.97,15%
PED-2025-00077,2025-09-06 19:29:00,Grupo Ferreteria Norte,b2b,CANCELADO,PRV-2040,3,"329,06",0
PED-2025-00078,23-09-2025,Comercial Riera,Marketplace,COMPLETADO,PRV-2004,"5,0","68,69",0
PED-2025-00079,2025-09-27,Construcciones Elorza,b2c,enviado,PRV-2022,2,418.16,0
PED-2025-00079,2025-09-27,Construcciones Elorza,b2c,enviado,PRV-2011,2,"23,27",0
PED-2025-00079,27/09/2025,Construcciones Elorza,b2c,enviado,PRV-2086,1,"60,63",0
PED-2025-00079,2025-09-27 09:00:00,Construcciones Elorza,b2c,enviado,PRV-2041,2,547.82,10
PED-2025-00079,27-09-2025,  CONSTRUCCIONES ELORZA ,b2c,enviado,PRV-2050,3,"72,62",15
PED-2025-00080,2025-09-16,Instalaciones Bermudez,B2B,COMPLETADO,PRV-2042,2,"273,78",0
PED-2025-00080,2025-09-16,Instalaciones Bermudez,B2B,COMPLETADO,PRV-2028,2,210.55,
PED-2025-00080,16/09/2025,Instalaciones Bermudez,B2B,COMPLETADO,PRV-2066,3,"530,29",0
PED-2025-00081,2025-09-09 18:34:00,Grupo Ferreteria Norte,MARKETPLACE,Completado,PRV-2073,10,"294,55",0
PED-2025-00081,09-09-2025,Grupo Ferreteria Norte,MARKETPLACE,Completado,PRV-2078,3,448.06,0
PED-2025-00081,2025-09-09,Grupo Ferreteria Norte,MARKETPLACE,Completado,PRV-2046,"25,0","215,35",10
PED-2025-00082,2025-09-06,Almacenes Duran e Hijos,MARKETPLACE,completado,PRV-2058,3,"191,12",15
PED-2025-00082,06/09/2025,Almacenes Duran e Hijos,MARKETPLACE,completado,PRV-2123,1,343.76,0
PED-2025-00082,2025-09-06 15:59:00,Almacenes Duran e Hijos,MARKETPLACE,completado,PRV-2062,10,"105,22",10%
PED-2025-00083,06-09-2025,Ferreteria El Tornillo,MARKETPLACE,COMPLETADO,PRV-2116,3,"329,14",10
PED-2025-00083,2025-09-06,Ferreteria El Tornillo,MARKETPLACE,COMPLETADO,PRV-2044,2,198.84,5
PED-2025-00084,2025-09-28,Suministros Maresme,b2b,completado,PRV-2031,1,"246,84",10
PED-2025-00084,28/09/2025,  SUMINISTROS MARESME ,b2b,completado,PRV-2086,3,"60,14",5%
PED-2025-00084,2025-09-28 09:41:00,Suministros Maresme,b2b,completado,PRV-2106,5,300.56,"0,05"
PED-2025-00084,28-09-2025,Suministros Maresme,b2b,completado,PRV-2031,1,"242,66",0
PED-2025-00084,2025-09-28,Suministros Maresme,b2b,completado,PRV-2014,3,"60,09",5
PED-2025-00085,2025-10-05,Suministros Maresme,b2b,completado,PRV-2060,"2,0",259.21,0
PED-2025-00085,05/10/2025,Suministros Maresme,b2b,completado,PRV-6195,5,"86,06",10
PED-2025-00085,2025-10-05 10:09:00,Suministros Maresme,b2b,completado,PRV-2059,2,"460,80",0
PED-2025-00085,05-10-2025,Suministros Maresme,b2b,completado,PRV-2032,2,107.42,0
PED-2025-00085,2025-10-05,Suministros Maresme,b2b,completado,PRV-2040,1,"371,71",0
PED-2025-00086,2025-10-12,Almacenes Duran e Hijos,MARKETPLACE,cancelado,PRV-2053,1,"79,85",0
PED-2025-00086,12/10/2025,Almacenes Duran e Hijos,MARKETPLACE,cancelado,PRV-2069,5,402.56,"0,05"
PED-2025-00087,2025-10-25 08:25:00,Ferreteria El Tornillo,B2B,COMPLETADO,PRV-2079,1,"621,55",5
PED-2025-00087,25-10-2025,Ferreteria El Tornillo,B2B,COMPLETADO,PRV-2026,1,"62,81",5%
PED-2025-00088,2025-10-05,  COMERCIAL RIERA ,b2c,PENDIENTE,PRV-2048,1,288.16,5
PED-2025-00088,2025-10-05,Comercial Riera,b2c,PENDIENTE,PRV-2030,1,"327,87",5
PED-2025-00088,05/10/2025,Comercial Riera,b2c,PENDIENTE,PRV-2096,"5,0","24,15",0
PED-2025-00088,2025-10-05 12:14:00,Comercial Riera,b2c,PENDIENTE,PRV-2008,10,328.79,0
PED-2025-00089,04-10-2025,Talleres Sanchez,MARKETPLACE,COMPLETADO,PRV-2088,2,"237,05",0
PED-2025-00089,2025-10-04,Talleres Sanchez,MARKETPLACE,COMPLETADO,PRV-2092,0,"282,45",15
PED-2025-00089,2025-10-04,Talleres Sanchez,MARKETPLACE,COMPLETADO,PRV-2017,3,252.30,"0,15"
PED-2025-00090,23/10/2025,Suministros Industriales Vega,B2C,completado,PRV-2102,1,"351,06",10%
PED-2025-00090,2025-10-23 16:29:00,Suministros Industriales Vega,B2C,completado,PRV-2082,3,"437,53",10
PED-2025-00090,23-10-2025,Suministros Industriales Vega,B2C,completado,PRV-2053,1,83.28,15
PED-2025-00091,2025-10-06,Comercial Riera,B2C,enviado,PRV-2093,3,"358,99",0
PED-2025-00091,2025-10-06,Comercial Riera,B2C,enviado,PRV-6197,5,,5%
PED-2025-00091,06/10/2025,Comercial Riera,B2C,enviado,PRV-2097,3,200.46,0
PED-2025-00091,2025-10-06 11:39:00,  COMERCIAL RIERA ,B2C,enviado,PRV-2095,"5,0","91,13",5
PED-2025-00092,25-10-2025,Bricolaje Montseny,B2B,completado,PRV-2039,1,"340,96",0
PED-2025-00092,2025-10-25,Bricolaje Montseny,B2B,completado,PRV-2062,1,116.79,0
PED-2025-00092,2025-10-25,Bricolaje Montseny,B2B,completado,PRV-2112,5,"28,79",10
PED-2025-00092,25/10/2025,Bricolaje Montseny,B2B,completado,PRV-2100,3,"362,44",5
PED-2025-00092,,Bricolaje Montseny,B2B,completado,PRV-2077,2,421.42,5
PED-2025-00093,27-10-2025,Distribuciones Aragon,b2b,Completado,PRV-2098,1,"293,23",5%
PED-2025-00093,2025-10-27,Distribuciones Aragon,b2b,Completado,PRV-2060,1,"258,57",5
PED-2025-00093,2025-10-27,Distribuciones Aragon,b2b,Completado,PRV-2066,2,503.66,10
PED-2025-00093,27/10/2025,Distribuciones Aragon,b2b,Completado,PRV-6130,2,"93,70",0
PED-2025-00093,2025-10-27 10:33:00,Distribuciones Aragon,b2b,Completado,PRV-2004,2,"72,22",5%
PED-2025-00094,09-10-2025,Ferrolab SA,b2b,COMPLETADO,PRV-2071,"1,0",509.16,"0,15"
PED-2025-00094,2025-10-09,Ferrolab SA,b2b,COMPLETADO,PRV-2035,1,"287,92",0
PED-2025-00094,2025-10-09,  FERROLAB SA ,b2b,COMPLETADO,PRV-2089,3,"404,49",5
PED-2025-00095,26/10/2025,Instalaciones Bermudez,B2B,DEVUELTO,PRV-2124,1,204.98,10%
PED-2025-00095,2025-10-26 19:28:00,Instalaciones Bermudez,B2B,DEVUELTO,PRV-2108,25,"6,88",15
PED-2025-00096,16-10-2025,Talleres Sanchez,b2c,COMPLETADO,PRV-2119,-3,"218,71",10
PED-2025-00096,2025-10-16,Talleres Sanchez,b2c,COMPLETADO,PRV-2048,2,291.83,0
PED-2025-00096,2025-10-16,Talleres Sanchez,b2c,COMPLETADO,PRV-2006,50,"496,05",15%
PED-2025-00096,16/10/2025,Talleres Sanchez,b2c,COMPLETADO,PRV-2089,2,"446,71",0
PED-2025-00097,2025-10-19 18:19:00,Construcciones Elorza,B2C,ENVIADO,PRV-2069,1,432.34,"0,1"
PED-2025-00097,19-10-2025,Construcciones Elorza,B2C,ENVIADO,PRV-2092,3,"275,19",0
PED-2025-00097,2025-10-19,Construcciones Elorza,B2C,ENVIADO,PRV-2016,"10,0","325,27",10%
PED-2025-00097,2025-10-19,Construcciones Elorza,B2C,ENVIADO,PRV-2010,10,354.33,5
PED-2025-00098,12/10/2025,Ferrolab SA,B2C,ENVIADO,PRV-2026,1,"65,21",0
PED-2025-00098,2025-10-12 15:18:00,Ferrolab SA,B2C,ENVIADO,PRV-2115,5,"282,66",0
PED-2025-00099,09-10-2025,  BRICOLAJE MONTSENY ,b2b,COMPLETADO,PRV-2110,3,282.30,5%
PED-2025-00100,2025-10-22,Ferreteria El Tornillo,Marketplace,CANCELADO,PRV-2020,2,"418,90",0
PED-2025-00101,2025-10-15,Ferreteria El Tornillo,B2B,COMPLETADO,PRV-2071,2,"518,63",0
PED-2025-00101,15/10/2025,Ferreteria El Tornillo,B2B,COMPLETADO,PRV-2004,2,68.48,0
PED-2025-00101,2025-10-15 15:06:00,Ferreteria El Tornillo,B2B,COMPLETADO,PRV-2117,1,"433,38",10%
PED-2025-00101,15-10-2025,Ferreteria El Tornillo,B2B,COMPLETADO,PRV-6152,3,"128,34",5
PED-2025-00101,2025-10-15,Ferreteria El Tornillo,B2B,COMPLETADO,PRV-2008,2,362.35,0
PED-2025-00102,2025-10-17,Bricolaje Montseny,B2B,PENDIENTE,PRV-2058,"1,0","189,30",5
PED-2025-00102,17/10/2025,Bricolaje Montseny,B2B,PENDIENTE,PRV-2119,25,"207,56",5%
PED-2025-00102,2025-10-17 10:03:00,Bricolaje Montseny,B2B,PENDIENTE,PRV-2105,2,241.25,10
PED-2025-00102,17-10-2025,Bricolaje Montseny,B2B,PENDIENTE,PRV-2021,3,"232,03",0
PED-2025-00102,2025-10-17,Bricolaje Montseny,B2B,PENDIENTE,PRV-2115,5,"275,17",0
PED-2025-00103,2025-10-11,Talleres Sanchez,b2c,PENDIENTE,PRV-2105,1,240.49,0
PED-2025-00103,11/10/2025,  TALLERES SANCHEZ ,b2c,PENDIENTE,PRV-2069,2,"424,40",0
PED-2025-00103,2025-10-11 14:52:00,Talleres Sanchez,b2c,PENDIENTE,PRV-2076,1,"134,45",5
PED-2025-00103,11-10-2025,Talleres Sanchez,b2c,PENDIENTE,PRV-2063,3,461.94,5
PED-2025-00103,2025-10-11,Talleres Sanchez,b2c,PENDIENTE,PRV-2105,10,"215,85",0
PED-2025-00104,2025-10-06,Grupo Ferreteria Norte,Marketplace,COMPLETADO,PRV-2058,5,"183,93",10
PED-2025-00104,06/10/2025,Grupo Ferreteria Norte,Marketplace,COMPLETADO,PRV-2094,"25,0",271.71,0
PED-2025-00104,2025-10-06 12:01:00,Grupo Ferreteria Norte,Marketplace,COMPLETADO,PRV-2003,1,"48,27",0
PED-2025-00104,06-10-2025,Grupo Ferreteria Norte,Marketplace,COMPLETADO,PRV-2032,3,"102,27",
PED-2025-00104,2025-10-06,Grupo Ferreteria Norte,Marketplace,COMPLETADO,PRV-2011,2,23.65,0
PED-2025-00105,2025-10-07,Instalaciones Bermudez,Marketplace,COMPLETADO,PRV-2023,1,"399,67",0
PED-2025-00105,07/10/2025,Instalaciones Bermudez,Marketplace,COMPLETADO,PRV-2014,10,"61,16",10
PED-2025-00105,2025-10-07 13:55:00,Instalaciones Bermudez,Marketplace,COMPLETADO,PRV-2014,1,62.20,5%
PED-2025-00105,07-10-2025,Instalaciones Bermudez,Marketplace,COMPLETADO,PRV-2034,5,"361,54",0
PED-2025-00105,2025-10-07,  INSTALACIONES BERMUDEZ ,Marketplace,COMPLETADO,PRV-2112,2,"30,58",0
PED-2025-00106,2025-10-07,,b2c,COMPLETADO,PRV-2092,2,278.28,5
PED-2025-00106,07/10/2025,Ferreteria Los Olivos SL,b2c,COMPLETADO,PRV-2055,3,"486,93",10%
PED-2025-00107,2025-10-27 17:55:00,Suministros Maresme,MARKETPLACE,completado,PRV-2119,"5,0","207,61",0
PED-2025-00107,27-10-2025,Suministros Maresme,MARKETPLACE,completado,PRV-6135,1,140.36,"0,15"
PED-2025-00107,2025-10-27,Suministros Maresme,MARKETPLACE,completado,PRV-2013,2,"509,79",0
PED-2025-00108,2025-11-25,Instalaciones Bermudez,MARKETPLACE,COMPLETADO,PRV-2013,50,"537,37",5%
PED-2025-00108,25/11/2025,Instalaciones Bermudez,MARKETPLACE,COMPLETADO,PRV-2024,50,74.37,0
PED-2025-00108,2025-11-25 18:28:00,Instalaciones Bermudez,MARKETPLACE,COMPLETADO,PRV-2031,5,"243,92",10
PED-2025-00109,26-11-2025,Ferrolab SA,B2B,PENDIENTE,PRV-2081,50,"98,50",0
PED-2025-00109,2025-11-26,Ferrolab SA,B2B,PENDIENTE,PRV-2122,5,244.08,0
PED-2025-00109,2025-11-26,Ferrolab SA,B2B,PENDIENTE,PRV-2122,50,"265,14",5
PED-2025-00109,26/11/2025,Ferrolab SA,B2B,PENDIENTE,PRV-2089,10,"445,53",15
PED-2025-00110,2025-11-25 10:02:00,  FERRETERIA EL TORNILLO ,MARKETPLACE,completado,PRV-6162,5,25.35,"0,05"
PED-2025-00110,25-11-2025,Ferreteria El Tornillo,MARKETPLACE,completado,PRV-2069,"1,0","384,34",0
PED-2025-00111,2025-11-02,Instalaciones Bermudez,b2b,completado,PRV-2023,3,"384,11",5
PED-2025-00111,2025-11-02,Instalaciones Bermudez,b2b,completado,PRV-2059,2,435.86,0
PED-2025-00111,02/11/2025,Instalaciones Bermudez,b2b,completado,PRV-2107,1,,0
PED-2025-00111,2025-11-02 10:16:00,Instalaciones Bermudez,b2b,completado,PRV-2038,1,"177,19",0
PED-2025-00112,13-11-2025,Distribuciones Aragon,B2B,COMPLETADO,PRV-6129,1,61.84,10
PED-2025-00112,2025-11-13,Distribuciones Aragon,B2B,COMPLETADO,PRV-2051,1,"249,42",0
PED-2025-00112,2025-11-13,Distribuciones Aragon,B2B,COMPLETADO,PRV-2086,3,"63,82",10
PED-2025-00112,13/11/2025,Distribuciones Aragon,B2B,COMPLETADO,PRV-2009,3,29.07,5%
PED-2025-00112,2025-11-13 19:58:00,Distribuciones Aragon,B2B,COMPLETADO,PRV-2012,10,"381,08",5
PED-2025-00113,24-11-2025,Ferreteria El Tornillo,Marketplace,COMPLETADO,PRV-2124,1,"193,74",0
PED-2025-00113,2025-11-24,Ferreteria El Tornillo,Marketplace,COMPLETADO,PRV-2061,"25,0",46.83,5
PED-2025-00113,2025-11-24,  FERRETERIA EL TORNILLO ,Marketplace,COMPLETADO,PRV-2074,2,"267,39",10%
PED-2025-00114,20/11/2025,Suministros Maresme,B2B,PENDIENTE,PRV-2084,25,"43,92",0
PED-2025-00115,2025-11-25 19:36:00,Distribuciones Aragon,B2C,CANCELADO,PRV-2113,50,184.97,0
PED-2025-00116,10-11-2025,Distribuciones Aragon,MARKETPLACE,Completado,PRV-2072,3,"59,01",0
PED-2025-00116,2025-11-10,Distribuciones Aragon,MARKETPLACE,Completado,PRV-2037,2,"319,71",0
PED-2025-00116,2025-11-10,Distribuciones Aragon,MARKETPLACE,Completado,PRV-2002,2,85.08,0
PED-2025-00116,10/11/2025,Distribuciones Aragon,MARKETPLACE,Completado,PRV-2001,2,"372,24",5
PED-2025-00116,2025-11-10 13:10:00,Distribuciones Aragon,MARKETPLACE,Completado,PRV-2032,3,"101,60",0
PED-2025-00117,05-11-2025,Distribuciones Aragon,MARKETPLACE,enviado,PRV-2025,3,303.85,0
PED-2025-00117,2025-11-05,Distribuciones Aragon,MARKETPLACE,enviado,PRV-2096,2,"25,06",10
PED-2025-00118,2025-11-12,Ferrolab SA,b2b,DEVUELTO,PRV-6195,"2,0","91,04",0
PED-2025-00118,12/11/2025,Ferrolab SA,b2b,DEVUELTO,PRV-2071,1,496.30,0
PED-2025-00118,2025-11-12 09:53:00,Ferrolab SA,b2b,DEVUELTO,PRV-2038,3,"183,58",0
PED-2025-00118,12-11-2025,  FERROLAB SA ,b2b,DEVUELTO,PRV-2079,5,"628,05",0
PED-2025-00119,2025-11-20,Suministros Maresme,Marketplace,Completado,PRV-2073,1,304.28,0
PED-2025-00119,2025-11-20,Suministros Maresme,Marketplace,Completado,PRV-2039,2,"320,73",0
PED-2025-00119,20/11/2025,Suministros Maresme,Marketplace,Completado,PRV-2096,50,"25,59",10%
PED-2025-00119,2025-11-20 19:03:00,Suministros Maresme,Marketplace,Completado,PRV-2088,10,260.07,0
PED-2025-00120,01-11-2025,Talleres Sanchez,b2c,COMPLETADO,PRV-2051,1,"254,55",15
PED-2025-00120,2025-11-01,Talleres Sanchez,b2c,COMPLETADO,PRV-2104,5,"89,74",10
PED-2025-00120,2025-11-01,Talleres Sanchez,b2c,COMPLETADO,PRV-2027,25,110.00,10%
PED-2025-00120,01/11/2025,Talleres Sanchez,b2c,COMPLETADO,PRV-2013,"50,0","475,70",0
PED-2025-00121,2025-11-15 19:57:00,Obras y Reformas Prat,b2b,ENVIADO,PRV-2011,3,"24,85",5
PED-2025-00121,15-11-2025,Obras y Reformas Prat,b2b,ENVIADO,PRV-2115,10,268.96,"0,15"
PED-2025-00122,,Construcciones Elorza,b2b,ENVIADO,PRV-2063,1,"399,05",0
PED-2025-00123,2025-11-14,Instalaciones Bermudez,B2B,PENDIENTE,PRV-2113,2,"176,20",0
PED-2025-00123,14/11/2025,  INSTALACIONES BERMUDEZ ,B2B,PENDIENTE,PRV-2040,50,352.37,0
PED-2025-00123,2025-11-14 16:51:00,Instalaciones Bermudez,B2B,PENDIENTE,PRV-2023,1,"401,82",15
PED-2025-00124,04-11-2025,Ferreteria Los Olivos SL,MARKETPLACE,Completado,PRV-2086,3,"58,08",0
PED-2025-00124,2025-11-04,Ferreteria Los Olivos SL,MARKETPLACE,Completado,PRV-2025,25,287.58,0
PED-2025-00124,2025-11-04,Ferreteria Los Olivos SL,MARKETPLACE,Completado,PRV-2093,25,"319,27",0
PED-2025-00124,04/11/2025,Ferreteria Los Olivos SL,MARKETPLACE,Completado,PRV-2047,1,"64,31",0
PED-2025-00124,2025-11-04 15:17:00,Ferreteria Los Olivos SL,MARKETPLACE,Completado,PRV-2016,"5,0",323.34,0
PED-2025-00125,22-11-2025,Suministros Maresme,b2b,completado,PRV-2034,2,"358,90",15
PED-2025-00125,2025-11-22,Suministros Maresme,b2b,completado,PRV-2046,1,"242,23",10
PED-2025-00126,2025-11-12,Ferreteria Los Olivos SL,MARKETPLACE,CANCELADO,PRV-2050,2,70.48,0
PED-2025-00126,12/11/2025,Ferreteria Los Olivos SL,MARKETPLACE,CANCELADO,PRV-2028,25,"201,77",0
PED-2025-00126,2025-11-12 13:36:00,Ferreteria Los Olivos SL,MARKETPLACE,CANCELADO,PRV-2105,1,"215,19",0
PED-2025-00126,12-11-2025,Ferreteria Los Olivos SL,MARKETPLACE,CANCELADO,PRV-2057,2,339.29,10
PED-2025-00127,2025-11-25,  OBRAS Y REFORMAS PRAT ,Marketplace,DEVUELTO,PRV-2015,2,"321,93",0
PED-2025-00127,2025-11-25,Obras y Reformas Prat,Marketplace,DEVUELTO,PRV-2056,5,"139,43",0
PED-2025-00127,25/11/2025,Obras y Reformas Prat,Marketplace,DEVUELTO,PRV-2023,1,360.28,"0,1"
PED-2025-00127,2025-11-25 17:35:00,Obras y Reformas Prat,Marketplace,DEVUELTO,PRV-2081,1,"99,95",0
PED-2025-00127,25-11-2025,Obras y Reformas Prat,Marketplace,DEVUELTO,PRV-2007,"1,0","55,45",10
PED-2025-00128,2025-11-14,Distribuciones Aragon,MARKETPLACE,ENVIADO,PRV-2016,3,329.93,0
PED-2025-00128,2025-11-14,Distribuciones Aragon,MARKETPLACE,ENVIADO,PRV-2026,10,"60,66",10
PED-2025-00128,14/11/2025,Distribuciones Aragon,MARKETPLACE,ENVIADO,PRV-2124,1,"212,59",0
PED-2025-00128,2025-11-14 16:29:00,Distribuciones Aragon,MARKETPLACE,ENVIADO,PRV-2028,10,197.47,5
PED-2025-00128,14-11-2025,Distribuciones Aragon,MARKETPLACE,ENVIADO,PRV-2121,2,"201,98",0
PED-2025-00129,2025-11-19,Instalaciones Bermudez,b2c,PENDIENTE,PRV-2054,2,"478,61",0
PED-2025-00129,2025-11-19,Instalaciones Bermudez,b2c,PENDIENTE,PRV-2107,10,391.53,0
PED-2025-00129,19/11/2025,Instalaciones Bermudez,b2c,PENDIENTE,PRV-2095,50,"88,78",
PED-2025-00129,2025-11-19 13:19:00,  INSTALACIONES BERMUDEZ ,b2c,PENDIENTE,PRV-2012,5,"384,90",5%
PED-2025-00129,19-11-2025,Instalaciones Bermudez,b2c,PENDIENTE,PRV-2091,0,307.22,0
PED-2025-00130,2025-11-21,Talleres Sanchez,Marketplace,COMPLETADO,PRV-2079,"1,0","628,11",0
PED-2025-00130,2025-11-21,Talleres Sanchez,Marketplace,COMPLETADO,PRV-2061,1,"42,99",10
PED-2025-00130,21/11/2025,Talleres Sanchez,Marketplace,COMPLETADO,PRV-2038,50,191.14,10%
PED-2025-00130,2025-11-21 18:47:00,Talleres Sanchez,Marketplace,COMPLETADO,PRV-2058,10,"167,48",0
PED-2025-00131,04-11-2025,Suministros Industriales Vega,b2c,Completado,PRV-2024,10,"70,42",0
PED-2025-00131,2025-11-04,Suministros Industriales Vega,b2c,Completado,PRV-2094,10,242.13,"0,05"
PED-2025-00131,2025-11-04,Suministros Industriales Vega,b2c,Completado,PRV-2002,5,"81,52",0
PED-2025-00132,09/11/2025,Suministros Maresme,Marketplace,CANCELADO,PRV-2002,10,"87,88",0
PED-2025-00132,2025-11-09 12:47:00,Suministros Maresme,Marketplace,CANCELADO,PRV-6191,3,,0
PED-2025-00132,09-11-2025,Suministros Maresme,Marketplace,CANCELADO,PRV-2074,1,"240,16",5
PED-2025-00132,2025-11-09,Suministros Maresme,Marketplace,CANCELADO,PRV-2109,1,"70,50",0
PED-2025-00132,2025-11-09,  SUMINISTROS MARESME ,Marketplace,CANCELADO,PRV-2069,"25,0",427.84,10
PED-2025-00133,14/11/2025,Ferreteria Los Olivos SL,B2B,Completado,PRV-2025,5,"293,79",5
PED-2025-00133,2025-11-14 09:00:00,Ferreteria Los Olivos SL,B2B,Completado,PRV-2098,2,"282,21",0
PED-2025-00134,16-11-2025,Comercial Riera,MARKETPLACE,enviado,PRV-2020,3,413.45,0
PED-2025-00134,2025-11-16,Comercial Riera,MARKETPLACE,enviado,PRV-2028,1,"209,50",0
PED-2025-00134,2025-11-16,Comercial Riera,MARKETPLACE,enviado,PRV-2099,2,"345,45",0
PED-2025-00134,16/11/2025,Comercial Riera,MARKETPLACE,enviado,PRV-2086,50,61.91,0
PED-2025-00134,2025-11-16 19:59:00,Comercial Riera,MARKETPLACE,enviado,PRV-2101,1,"182,19",10%
PED-2025-00135,04-11-2025,Ferreteria El Tornillo,B2B,completado,PRV-2055,2,"546,88",0
PED-2025-00136,2025-11-16,Almacenes Duran e Hijos,MARKETPLACE,completado,PRV-2092,1,256.11,5
PED-2025-00136,2025-11-16,Almacenes Duran e Hijos,MARKETPLACE,completado,PRV-2112,25,"27,37",5
PED-2025-00136,16/11/2025,Almacenes Duran e Hijos,MARKETPLACE,completado,PRV-2042,"1,0","278,90",0
PED-2025-00136,2025-11-16 14:47:00,Almacenes Duran e Hijos,MARKETPLACE,completado,PRV-2102,3,340.75,"0,1"
PED-2025-00136,16-11-2025,  ALMACENES DURAN E HIJOS ,MARKETPLACE,completado,PRV-2033,25,"334,79",0
PED-2025-00137,2025-11-26,Bricolaje Montseny,MARKETPLACE,COMPLETADO,PRV-2053,1,"82,34",0
PED-2025-00137,2025-11-26,Bricolaje Montseny,MARKETPLACE,COMPLETADO,PRV-2037,1,320.69,0
PED-2025-00137,26/11/2025,Bricolaje Montseny,MARKETPLACE,COMPLETADO,PRV-6159,10,"65,74",15
PED-2025-00137,2025-11-26 09:22:00,Bricolaje Montseny,MARKETPLACE,COMPLETADO,PRV-2015,3,"318,59",0
PED-2025-00138,08-11-2025,Almacenes Duran e Hijos,MARKETPLACE,cancelado,PRV-2107,1,370.30,15
PED-2025-00138,2025-11-08,Almacenes Duran e Hijos,MARKETPLACE,cancelado,PRV-2007,3,"62,10",0
PED-2025-00138,2025-11-08,Almacenes Duran e Hijos,MARKETPLACE,cancelado,PRV-2048,50,"273,70",0
PED-2025-00139,10/11/2025,Ferreteria Los Olivos SL,B2C,COMPLETADO,PRV-2074,25,266.77,0
PED-2025-00139,2025-11-10 12:58:00,Ferreteria Los Olivos SL,B2C,COMPLETADO,PRV-2039,"2,0","351,99",0
PED-2025-00139,10-11-2025,,B2C,COMPLETADO,PRV-2074,25,"268,77",0
PED-2025-00140,2025-12-18,Suministros Maresme,b2b,COMPLETADO,PRV-2099,-3,347.94,0
PED-2025-00140,2025-12-18,Suministros Maresme,b2b,COMPLETADO,PRV-2031,10,"251,87",0
PED-2025-00140,18/12/2025,  SUMINISTROS MARESME ,b2b,COMPLETADO,PRV-2058,1,"168,10",0
PED-2025-00140,2025-12-18 16:18:00,Suministros Maresme,b2b,COMPLETADO,PRV-2046,25,213.82,15%
PED-2025-00141,16-12-2025,Obras y Reformas Prat,MARKETPLACE,Completado,PRV-2116,1,"361,00",5
PED-2025-00141,2025-12-16,Obras y Reformas Prat,MARKETPLACE,Completado,PRV-2067,10,"296,30",15
PED-2025-00142,2025-12-27,Ferreteria Los Olivos SL,B2C,Completado,PRV-2104,1,92.08,0
PED-2025-00142,27/12/2025,Ferreteria Los Olivos SL,B2C,Completado,PRV-2112,25,"30,10",5%
PED-2025-00142,2025-12-27 18:00:00,Ferreteria Los Olivos SL,B2C,Completado,PRV-2062,2,"106,32",5
PED-2025-00143,18-12-2025,Bricolaje Montseny,b2b,COMPLETADO,PRV-2094,"1,0",246.93,15
PED-2025-00143,2025-12-18,Bricolaje Montseny,b2b,COMPLETADO,PRV-2012,3,"355,85",15
PED-2025-00143,2025-12-18,Bricolaje Montseny,b2b,COMPLETADO,PRV-2036,1,"342,44",0
PED-2025-00143,18/12/2025,Bricolaje Montseny,b2b,COMPLETADO,PRV-2118,2,578.90,0
PED-2025-00144,2025-12-11 12:12:00,Construcciones Elorza,B2B,Completado,PRV-2042,1,"264,33",10
PED-2025-00144,11-12-2025,Construcciones Elorza,B2B,Completado,PRV-2020,3,"381,60",0
PED-2025-00144,2025-12-11,  CONSTRUCCIONES ELORZA ,B2B,Completado,PRV-2066,1,489.27,5%
PED-2025-00144,2025-12-11,Construcciones Elorza,B2B,Completado,PRV-2094,1,"254,72",0
PED-2025-00145,06/12/2025,Instalaciones Bermudez,B2B,Completado,PRV-2059,1,"437,03",0
PED-2025-00145,2025-12-06 18:52:00,Instalaciones Bermudez,B2B,Completado,PRV-2070,50,452.91,0
PED-2025-00145,06-12-2025,Instalaciones Bermudez,B2B,Completado,PRV-2123,3,"351,17",10%
PED-2025-00145,2025-12-06,Instalaciones Bermudez,B2B,Completado,PRV-2075,"1,0","559,24",0
PED-2025-00145,2025-12-06,Instalaciones Bermudez,B2B,Completado,PRV-2091,2,300.54,10
PED-2025-00146,23/12/2025,Instalaciones Bermudez,b2b,CANCELADO,PRV-2002,10,"81,41",10
PED-2025-00146,2025-12-23 17:35:00,Instalaciones Bermudez,b2b,CANCELADO,PRV-2009,3,"27,62",0
PED-2025-00146,23-12-2025,Instalaciones Bermudez,b2b,CANCELADO,PRV-2058,10,174.84,"0,1"
PED-2025-00146,2025-12-23,Instalaciones Bermudez,b2b,CANCELADO,PRV-2011,5,"23,11",5
PED-2025-00146,2025-12-23,Instalaciones Bermudez,b2b,CANCELADO,PRV-2109,25,"80,46",10
PED-2025-00147,04/12/2025,Ferreteria El Tornillo,Marketplace,completado,PRV-2064,2,421.59,5%
PED-2025-00147,2025-12-04 14:05:00,  FERRETERIA EL TORNILLO ,Marketplace,completado,PRV-2074,10,"243,58",0
PED-2025-00147,04-12-2025,Ferreteria El Tornillo,Marketplace,completado,PRV-2087,1,"122,13",10
PED-2025-00147,2025-12-04,Ferreteria El Tornillo,Marketplace,completado,PRV-2091,1,316.28,0
PED-2025-00148,2025-12-04,Suministros Maresme,b2b,COMPLETADO,PRV-2040,"2,0","367,21",5%
PED-2025-00148,,Suministros Maresme,b2b,COMPLETADO,PRV-2081,5,"100,09",0
PED-2025-00148,2025-12-04 19:44:00,Suministros Maresme,b2b,COMPLETADO,PRV-2114,25,159.02,0
PED-2025-00148,04-12-2025,Suministros Maresme,b2b,COMPLETADO,PRV-6121,3,"17,54",10
PED-2025-00148,2025-12-04,Suministros Maresme,b2b,COMPLETADO,PRV-2114,50,"149,48",5%
PED-2025-00149,2025-12-10,Suministros Maresme,b2c,ENVIADO,PRV-2093,2,323.67,5
PED-2025-00149,10/12/2025,Suministros Maresme,b2c,ENVIADO,PRV-2104,50,"89,84",0
PED-2025-00150,2025-12-17 18:57:00,Ferreteria Los Olivos SL,B2C,enviado,PRV-2046,3,"210,18",10
PED-2025-00150,17-12-2025,Ferreteria Los Olivos SL,B2C,enviado,PRV-2082,1,474.42,0
PED-2025-00151,2025-12-17,Almacenes Duran e Hijos,b2c,enviado,PRV-2090,5,"404,69",5
PED-2025-00152,2025-12-12,  DISTRIBUCIONES ARAGON ,B2C,CANCELADO,PRV-2113,3,"194,89",15
PED-2025-00152,12/12/2025,Distribuciones Aragon,B2C,CANCELADO,PRV-2061,"3,0",45.49,"0,05"
PED-2025-00152,2025-12-12 14:55:00,Distribuciones Aragon,B2C,CANCELADO,PRV-2026,2,"59,35",15%
PED-2025-00153,28-12-2025,Suministros Industriales Vega,B2B,ENVIADO,PRV-2076,10,,5
PED-2025-00153,2025-12-28,Suministros Industriales Vega,B2B,ENVIADO,PRV-2001,25,357.65,
PED-2025-00153,2025-12-28,Suministros Industriales Vega,B2B,ENVIADO,PRV-2099,2,"326,40",5
PED-2025-00153,28/12/2025,Suministros Industriales Vega,B2B,ENVIADO,PRV-2081,2,"105,53",0
PED-2025-00154,2025-12-17 09:39:00,Bricolaje Montseny,B2C,COMPLETADO,PRV-2070,3,435.72,0
PED-2025-00154,17-12-2025,Bricolaje Montseny,B2C,COMPLETADO,PRV-2095,2,"96,85",0
PED-2025-00154,2025-12-17,Bricolaje Montseny,B2C,COMPLETADO,PRV-2033,10,"334,85",15
PED-2025-00154,2025-12-17,Bricolaje Montseny,B2C,COMPLETADO,PRV-2057,10,355.36,0
PED-2025-00155,27/12/2025,Ferreteria Los Olivos SL,b2b,completado,PRV-2067,1,"310,86",10
PED-2025-00155,2025-12-27 09:53:00,Ferreteria Los Olivos SL,b2b,completado,PRV-2048,"10,0","274,13",15
PED-2025-00155,27-12-2025,  FERRETERIA LOS OLIVOS SL ,b2b,completado,PRV-2052,10,410.37,5
PED-2025-00156,2025-12-03,Obras y Reformas Prat,MARKETPLACE,COMPLETADO,PRV-2106,1,"289,84",0
PED-2025-00156,2025-12-03,Obras y Reformas Prat,MARKETPLACE,COMPLETADO,PRV-6157,2,"104,48",0
PED-2025-00156,03/12/2025,Obras y Reformas Prat,MARKETPLACE,COMPLETADO,PRV-2013,1,539.62,0
PED-2025-00157,2025-12-28 12:57:00,Ferreteria Los Olivos SL,MARKETPLACE,enviado,PRV-2076,1,"130,38",0
PED-2025-00157,28-12-2025,Ferreteria Los Olivos SL,MARKETPLACE,enviado,PRV-2036,3,"326,55",0
PED-2025-00157,2025-12-28,Ferreteria Los Olivos SL,MARKETPLACE,enviado,PRV-2069,3,390.77,0
PED-2025-00158,2025-12-25,Comercial Riera,Marketplace,PENDIENTE,PRV-2116,50,"356,04",0
PED-2025-00158,25/12/2025,Comercial Riera,Marketplace,PENDIENTE,PRV-2072,3,"53,99",0
PED-2025-00158,2025-12-25 14:42:00,Comercial Riera,Marketplace,PENDIENTE,PRV-6196,3,38.49,0
PED-2025-00158,25-12-2025,Comercial Riera,Marketplace,PENDIENTE,PRV-2109,"10,0","80,13",0
PED-2025-00159,2025-12-24,Hidraulica Levante,MARKETPLACE,PENDIENTE,PRV-2015,5,"306,53",0
PED-2025-00159,2025-12-24,Hidraulica Levante,MARKETPLACE,PENDIENTE,PRV-2080,25,369.85,0
PED-2025-00159,24/12/2025,  HIDRAULICA LEVANTE ,MARKETPLACE,PENDIENTE,PRV-2080,50,"389,07",15%
PED-2025-00160,2025-12-20 18:04:00,Grupo Ferreteria Norte,B2B,ENVIADO,PRV-2051,1,"255,44",10
PED-2025-00160,20-12-2025,Grupo Ferreteria Norte,B2B,ENVIADO,PRV-2031,5,273.34,0
PED-2025-00160,2025-12-20,Grupo Ferreteria Norte,B2B,ENVIADO,PRV-2031,3,"250,83",0
PED-2025-00161,2025-12-06,Talleres Sanchez,B2B,enviado,PRV-2118,3,"536,99",0
PED-2025-00161,06/12/2025,Talleres Sanchez,B2B,enviado,PRV-6150,5,175.71,0
PED-2025-00161,2025-12-06 19:20:00,Talleres Sanchez,B2B,enviado,PRV-2033,1,"339,20",0
PED-2025-00162,19-12-2025,Bricolaje Montseny,MARKETPLACE,PENDIENTE,PRV-2056,5,"126,57",0
PED-2025-00162,2025-12-19,Bricolaje Montseny,MARKETPLACE,PENDIENTE,PRV-2059,"1,0",446.75,0
PED-2025-00163,2025-12-08,Grupo Ferreteria Norte,B2B,ENVIADO,PRV-2107,2,"372,42",10
PED-2025-00163,08/12/2025,Grupo Ferreteria Norte,B2B,ENVIADO,PRV-2120,1,"132,81",0
PED-2025-00163,2025-12-08 13:27:00,Grupo Ferreteria Norte,B2B,ENVIADO,PRV-2075,2,594.94,"0,1"
PED-2025-00163,08-12-2025,Grupo Ferreteria Norte,B2B,ENVIADO,PRV-2004,50,"76,35",0
PED-2025-00163,2025-12-08,  GRUPO FERRETERIA NORTE ,B2B,ENVIADO,PRV-2038,10,"193,03",15
PED-2025-00164,2025-12-19,Suministros Maresme,b2b,enviado,PRV-2008,1,323.45,0
PED-2025-00164,19/12/2025,Suministros Maresme,b2b,enviado,PRV-2020,1,"389,81",0
PED-2025-00164,2025-12-19 14:34:00,Suministros Maresme,b2b,enviado,PRV-2098,10,"276,73",0
PED-2025-00165,12-12-2025,Obras y Reformas Prat,Marketplace,PENDIENTE,PRV-2063,2,456.41,10
PED-2026-00166,2026-01-27,Ferreteria El Tornillo,MARKETPLACE,Completado,PRV-2068,3,"199,35",0
PED-2026-00166,2026-01-27,Ferreteria El Tornillo,MARKETPLACE,Completado,PRV-2061,"50,0","45,18",10
PED-2026-00166,27/01/2026,Ferreteria El Tornillo,MARKETPLACE,Completado,PRV-2045,2,470.53,10%
PED-2026-00166,2026-01-27 17:08:00,Ferreteria El Tornillo,MARKETPLACE,Completado,PRV-2102,1,"356,07",10
PED-2026-00167,13-01-2026,Talleres Sanchez,B2C,COMPLETADO,PRV-2006,1,"471,73",0
PED-2026-00167,2026-01-13,Talleres Sanchez,B2C,COMPLETADO,PRV-2101,25,160.43,0
PED-2026-00167,2026-01-13,Talleres Sanchez,B2C,COMPLETADO,PRV-2013,1,"529,78",0
PED-2026-00168,15/01/2026,Ferreteria El Tornillo,b2b,enviado,PRV-2114,3,"144,04",0
PED-2026-00168,2026-01-15 16:06:00,  FERRETERIA EL TORNILLO ,b2b,enviado,PRV-2046,5,221.57,0
PED-2026-00168,15-01-2026,Ferreteria El Tornillo,b2b,enviado,PRV-6103,2,"103,93",0
PED-2026-00168,2026-01-15,Ferreteria El Tornillo,b2b,enviado,PRV-2038,3,"192,60",0
PED-2026-00169,2026-01-22,Obras y Reformas Prat,B2C,PENDIENTE,PRV-2097,5,198.96,"0,05"
PED-2026-00170,18/01/2026,Construcciones Elorza,Marketplace,COMPLETADO,PRV-2073,"1,0","285,61",0
PED-2026-00170,2026-01-18 18:59:00,Construcciones Elorza,Marketplace,COMPLETADO,PRV-2079,1,"627,74",0
PED-2026-00170,18-01-2026,Construcciones Elorza,Marketplace,COMPLETADO,PRV-2098,25,301.77,15%
PED-2026-00170,2026-01-18,Construcciones Elorza,Marketplace,COMPLETADO,PRV-2073,3,"297,40",0
PED-2026-00170,2026-01-18,Construcciones Elorza,Marketplace,COMPLETADO,PRV-2003,2,"49,45",10
PED-2026-00171,01/01/2026,Hidraulica Levante,b2c,enviado,PRV-2046,10,232.44,0
PED-2026-00171,2026-01-01 18:37:00,Hidraulica Levante,b2c,enviado,PRV-2085,0,"114,04",0
PED-2026-00172,02-01-2026,Distribuciones Aragon,b2b,CANCELADO,PRV-2026,1,"62,71",15
PED-2026-00172,2026-01-02,Distribuciones Aragon,b2b,CANCELADO,PRV-2121,3,215.24,0
PED-2026-00172,2026-01-02,  DISTRIBUCIONES ARAGON ,b2b,CANCELADO,PRV-2103,1,"209,93",0
PED-2026-00172,02/01/2026,Distribuciones Aragon,b2b,CANCELADO,PRV-2119,2,"207,32",5%
PED-2026-00172,2026-01-02 18:56:00,Distribuciones Aragon,b2b,CANCELADO,PRV-2099,"1,0",350.07,5
PED-2026-00173,27-01-2026,Ferrolab SA,B2C,CANCELADO,PRV-2052,3,"381,66",5
PED-2026-00173,2026-01-27,Ferrolab SA,B2C,CANCELADO,PRV-2121,1,"210,54",0
PED-2026-00173,2026-01-27,Ferrolab SA,B2C,CANCELADO,PRV-2041,3,574.23,0
PED-2026-00173,27/01/2026,,B2C,CANCELADO,PRV-2036,3,"363,22",15
PED-2026-00173,2026-01-27 19:28:00,Ferrolab SA,B2C,CANCELADO,PRV-2051,2,"247,68",10
PED-2026-00174,22-01-2026,Ferrolab SA,Marketplace,COMPLETADO,PRV-2042,5,286.76,"0,05"
PED-2026-00174,2026-01-22,Ferrolab SA,Marketplace,COMPLETADO,PRV-2027,10,,0
PED-2026-00174,2026-01-22,Ferrolab SA,Marketplace,COMPLETADO,PRV-2065,2,"10,68",5
PED-2026-00175,13/01/2026,Construcciones Elorza,b2b,DEVUELTO,PRV-2114,3,157.80,0
PED-2026-00176,2026-01-27 16:07:00,Almacenes Duran e Hijos,B2C,ENVIADO,PRV-2003,1,"49,67",0
PED-2026-00177,19-01-2026,  OBRAS Y REFORMAS PRAT ,b2b,CANCELADO,PRV-2004,"1,0","76,69",0
PED-2026-00177,2026-01-19,Obras y Reformas Prat,b2b,CANCELADO,PRV-2003,1,46.89,0
PED-2026-00177,2026-01-19,Obras y Reformas Prat,b2b,CANCELADO,PRV-2033,2,"329,87",5
PED-2026-00177,19/01/2026,Obras y Reformas Prat,b2b,CANCELADO,PRV-2019,1,"552,84",0
PED-2026-00177,2026-01-19 14:09:00,Obras y Reformas Prat,b2b,CANCELADO,PRV-2018,50,214.87,0
PED-2026-00178,23-01-2026,Obras y Reformas Prat,Marketplace,enviado,PRV-2010,1,"348,45",0
PED-2026-00178,2026-01-23,Obras y Reformas Prat,Marketplace,enviado,PRV-2032,10,"97,82",0
PED-2026-00178,2026-01-23,Obras y Reformas Prat,Marketplace,enviado,PRV-2056,2,135.32,5
PED-2026-00179,05/01/2026,Ferreteria Los Olivos SL,b2b,COMPLETADO,PRV-2011,1,"23,85",0
PED-2026-00179,2026-01-05 14:29:00,Ferreteria Los Olivos SL,b2b,COMPLETADO,PRV-2004,2,"74,97",
PED-2026-00180,,Bricolaje Montseny,MARKETPLACE,enviado,PRV-2059,1,460.58,5
PED-2026-00180,2026-01-27,Bricolaje Montseny,MARKETPLACE,enviado,PRV-2072,"1,0","56,13",0
PED-2026-00181,2026-01-04,Distribuciones Aragon,b2b,COMPLETADO,PRV-2079,25,"704,57",15%
PED-2026-00182,19/01/2026,  GRUPO FERRETERIA NORTE ,Marketplace,COMPLETADO,PRV-2117,5,459.19,"0,15"
PED-2026-00183,2026-02-13 09:08:00,Talleres Sanchez,B2C,DEVUELTO,PRV-2113,10,"177,58",0
PED-2026-00184,01-02-2026,Almacenes Duran e Hijos,Marketplace,CANCELADO,PRV-6176,2,"84,48",0
PED-2026-00184,2026-02-01,Almacenes Duran e Hijos,Marketplace,CANCELADO,PRV-2103,3,226.61,0
PED-2026-00184,2026-02-01,Almacenes Duran e Hijos,Marketplace,CANCELADO,PRV-2015,1,"318,87",0
PED-2026-00184,01/02/2026,Almacenes Duran e Hijos,Marketplace,CANCELADO,PRV-2110,25,"259,82",10
PED-2026-00184,2026-02-01 15:52:00,Almacenes Duran e Hijos,Marketplace,CANCELADO,PRV-2061,2,47.00,0
PED-2026-00185,10-02-2026,Ferrolab SA,MARKETPLACE,ENVIADO,PRV-2041,1,"535,91",0
PED-2026-00185,2026-02-10,Ferrolab SA,MARKETPLACE,ENVIADO,PRV-2010,2,"363,18",15
PED-2026-00185,2026-02-10,Ferrolab SA,MARKETPLACE,ENVIADO,PRV-2052,"2,0",393.74,"0,15"
PED-2026-00185,10/02/2026,Ferrolab SA,MARKETPLACE,ENVIADO,PRV-2054,2,"459,51",5
PED-2026-00186,2026-02-28 11:53:00,Grupo Ferreteria Norte,b2b,PENDIENTE,PRV-2043,1,"55,33",0
PED-2026-00186,28-02-2026,Grupo Ferreteria Norte,b2b,PENDIENTE,PRV-2076,5,141.50,15
PED-2026-00186,2026-02-28,  GRUPO FERRETERIA NORTE ,b2b,PENDIENTE,PRV-2082,5,"489,69",0
PED-2026-00186,2026-02-28,Grupo Ferreteria Norte,b2b,PENDIENTE,PRV-2102,2,"357,23",5
PED-2026-00187,21/02/2026,Almacenes Duran e Hijos,B2B,enviado,PRV-2055,3,550.06,5%
PED-2026-00187,2026-02-21 16:58:00,Almacenes Duran e Hijos,B2B,enviado,PRV-2093,2,"317,08",0
PED-2026-00187,21-02-2026,Almacenes Duran e Hijos,B2B,enviado,PRV-2053,10,"86,98",5
PED-2026-00188,2026-02-26,Ferrolab SA,B2B,cancelado,PRV-2103,5,227.88,0
PED-2026-00188,2026-02-26,Ferrolab SA,B2B,cancelado,PRV-2026,-5,"64,43",10%
PED-2026-00188,26/02/2026,Ferrolab SA,B2B,cancelado,PRV-2085,"25,0","113,45",0
PED-2026-00188,2026-02-26 16:08:00,Ferrolab SA,B2B,cancelado,PRV-2031,10,239.14,0
PED-2026-00188,26-02-2026,Ferrolab SA,B2B,cancelado,PRV-2053,1,"80,24",0
PED-2026-00189,2026-02-02,Ferreteria El Tornillo,B2B,ENVIADO,PRV-2113,25,"189,84",0
PED-2026-00189,2026-02-02,Ferreteria El Tornillo,B2B,ENVIADO,PRV-2054,1,490.23,5
PED-2026-00189,02/02/2026,Ferreteria El Tornillo,B2B,ENVIADO,PRV-2057,3,"344,06",10
PED-2026-00189,2026-02-02 16:53:00,  FERRETERIA EL TORNILLO ,B2B,ENVIADO,PRV-2101,2,"167,75",0
PED-2026-00189,02-02-2026,Ferreteria El Tornillo,B2B,ENVIADO,PRV-2005,5,404.07,10%
PED-2026-00190,2026-02-10,Construcciones Elorza,b2c,COMPLETADO,PRV-2079,10,"706,28",0
PED-2026-00190,2026-02-10,Construcciones Elorza,b2c,COMPLETADO,PRV-2033,50,"336,23",0
PED-2026-00191,15/02/2026,Bricolaje Montseny,MARKETPLACE,PENDIENTE,PRV-2010,3,334.18,5
PED-2026-00191,2026-02-15 10:49:00,Bricolaje Montseny,MARKETPLACE,PENDIENTE,PRV-6169,"2,0","57,75",5%
PED-2026-00191,15-02-2026,Bricolaje Montseny,MARKETPLACE,PENDIENTE,PRV-2068,1,"202,81",0
PED-2026-00191,2026-02-15,Bricolaje Montseny,MARKETPLACE,PENDIENTE,PRV-2021,2,249.35,0
PED-2026-00191,2026-02-15,Bricolaje Montseny,MARKETPLACE,PENDIENTE,PRV-2038,3,"189,93",15
PED-2026-00192,19/02/2026,Grupo Ferreteria Norte,MARKETPLACE,DEVUELTO,PRV-2124,5,"209,14",5%
PED-2026-00193,2026-02-25 14:58:00,Ferrolab SA,b2b,COMPLETADO,PRV-2109,3,79.16,"0,1"
PED-2026-00193,25-02-2026,Ferrolab SA,b2b,COMPLETADO,PRV-2038,10,"178,43",5
PED-2026-00193,2026-02-25,Ferrolab SA,b2b,COMPLETADO,PRV-2026,10,"58,14",0
PED-2026-00193,2026-02-25,  FERROLAB SA ,b2b,COMPLETADO,PRV-2007,25,55.10,15%
PED-2026-00194,02/02/2026,Comercial Riera,b2b,ENVIADO,PRV-2119,5,"223,03",5
PED-2026-00195,2026-02-19 11:37:00,Distribuciones Aragon,b2b,PENDIENTE,PRV-2114,3,"146,94",10
PED-2026-00196,28-02-2026,Suministros Industriales Vega,B2C,enviado,PRV-2095,"2,0",95.27,15
PED-2026-00196,2026-02-28,Suministros Industriales Vega,B2C,enviado,PRV-2084,10,"43,47",0
PED-2026-00196,2026-02-28,Suministros Industriales Vega,B2C,enviado,PRV-2016,25,"341,93",0
PED-2026-00196,28/02/2026,Suministros Industriales Vega,B2C,enviado,PRV-2062,5,105.45,"0,1"
PED-2026-00196,2026-02-28 13:30:00,Suministros Industriales Vega,B2C,enviado,PRV-2092,5,"258,82",5
PED-2026-00197,14-02-2026,Talleres Sanchez,b2b,ENVIADO,PRV-2039,25,"315,13",0
PED-2026-00197,2026-02-14,Talleres Sanchez,b2b,ENVIADO,PRV-2081,25,99.49,5
PED-2026-00197,2026-02-14,Talleres Sanchez,b2b,ENVIADO,PRV-2082,50,"455,13",0
PED-2026-00198,23/02/2026,Ferrolab SA,B2B,ENVIADO,PRV-2040,1,"339,68",0
PED-2026-00199,2026-02-16 08:01:00,Hidraulica Levante,b2b,completado,PRV-2107,1,373.18,15%
PED-2026-00199,16-02-2026,  HIDRAULICA LEVANTE ,b2b,completado,PRV-2116,3,"367,72",0
PED-2026-00199,2026-02-16,Hidraulica Levante,b2b,completado,PRV-2113,"25,0","178,77",5
PED-2026-00199,2026-02-16,Hidraulica Levante,b2b,completado,PRV-2013,10,,0
PED-2026-00199,16/02/2026,Hidraulica Levante,b2b,completado,PRV-2087,1,"126,98",5%
PED-2026-00200,2026-02-04 11:16:00,Hidraulica Levante,Marketplace,COMPLETADO,PRV-2079,10,"668,75",0
PED-2026-00200,04-02-2026,Hidraulica Levante,Marketplace,COMPLETADO,PRV-2101,1,164.72,0
PED-2026-00200,2026-02-04,Hidraulica Levante,Marketplace,COMPLETADO,PRV-2091,1,"288,64",0
PED-2026-00200,2026-02-04,Hidraulica Levante,Marketplace,COMPLETADO,PRV-2081,2,"92,55",0
PED-2026-00200,04/02/2026,Hidraulica Levante,Marketplace,COMPLETADO,PRV-2104,5,88.48,0
PED-2026-00201,2026-02-23 09:41:00,Comercial Riera,B2C,Completado,PRV-2084,1,"39,83",10
PED-2026-00201,23-02-2026,Comercial Riera,B2C,Completado,PRV-2045,1,"462,53",15
PED-2026-00201,2026-02-23,Comercial Riera,B2C,Completado,PRV-2001,2,362.24,5%
PED-2026-00201,2026-02-23,Comercial Riera,B2C,Completado,PRV-2068,"10,0","203,45",5
PED-2026-00202,06/02/2026,  TALLERES SANCHEZ ,MARKETPLACE,enviado,PRV-2077,2,"388,25",0
PED-2026-00202,2026-02-06 19:55:00,Talleres Sanchez,MARKETPLACE,enviado,PRV-2091,1,283.31,5
PED-2026-00202,06-02-2026,Talleres Sanchez,MARKETPLACE,enviado,PRV-2067,1,"274,91",15%
PED-2026-00203,2026-02-11,Ferrolab SA,Marketplace,ENVIADO,PRV-2046,3,"235,32",0
PED-2026-00203,2026-02-11,Ferrolab SA,Marketplace,ENVIADO,PRV-2054,1,488.15,0
PED-2026-00204,10/02/2026,Construcciones Elorza,b2c,completado,PRV-2039,1,"330,79",0
PED-2026-00204,2026-02-10 10:27:00,Construcciones Elorza,b2c,completado,PRV-2049,10,"421,07",5%
PED-2026-00205,16-02-2026,Almacenes Duran e Hijos,b2b,COMPLETADO,PRV-2091,1,306.81,"0,05"
PED-2026-00205,2026-02-16,Almacenes Duran e Hijos,b2b,COMPLETADO,PRV-2088,1,"237,81",5
PED-2026-00205,2026-02-16,Almacenes Duran e Hijos,b2b,COMPLETADO,PRV-2116,3,"335,10",0
PED-2026-00205,16/02/2026,Almacenes Duran e Hijos,b2b,COMPLETADO,PRV-2049,"1,0",406.68,10%
PED-2026-00205,2026-02-16 14:43:00,Almacenes Duran e Hijos,b2b,COMPLETADO,PRV-2091,5,"320,76",10
PED-2026-00206,28-02-2026,Construcciones Elorza,MARKETPLACE,COMPLETADO,PRV-2099,2,"328,84",15
PED-2026-00206,2026-02-28,  CONSTRUCCIONES ELORZA ,MARKETPLACE,COMPLETADO,PRV-6180,1,49.55,15
PED-2026-00206,2026-02-28,Construcciones Elorza,MARKETPLACE,COMPLETADO,PRV-2025,1,"287,17",
PED-2026-00206,28/02/2026,Construcciones Elorza,MARKETPLACE,COMPLETADO,PRV-6191,1,"38,13",0
PED-2026-00206,2026-02-28 16:48:00,Construcciones Elorza,MARKETPLACE,COMPLETADO,PRV-2067,2,277.02,0
PED-2026-00207,02-03-2026,Ferrolab SA,MARKETPLACE,CANCELADO,PRV-2121,2,"188,29",0
PED-2026-00207,2026-03-02,Ferrolab SA,MARKETPLACE,CANCELADO,PRV-2105,1,"239,00",0
PED-2026-00207,2026-03-02,Ferrolab SA,MARKETPLACE,CANCELADO,PRV-2081,1,92.75,0
PED-2026-00207,02/03/2026,Ferrolab SA,MARKETPLACE,CANCELADO,PRV-2060,5,"251,96",15
PED-2026-00207,2026-03-02 19:16:00,Ferrolab SA,MARKETPLACE,CANCELADO,PRV-2015,"3,0","319,67",15
PED-2026-00208,21-03-2026,Instalaciones Bermudez,b2c,COMPLETADO,PRV-2009,10,28.04,15%
PED-2026-00208,2026-03-21,Instalaciones Bermudez,b2c,COMPLETADO,PRV-2010,50,"358,41",5
PED-2026-00208,2026-03-21,Instalaciones Bermudez,b2c,COMPLETADO,PRV-2044,2,"200,86",0
PED-2026-00208,21/03/2026,Instalaciones Bermudez,b2c,COMPLETADO,PRV-2030,1,328.69,"0,05"
PED-2026-00209,2026-03-11 18:35:00,  BRICOLAJE MONTSENY ,MARKETPLACE,COMPLETADO,PRV-2019,5,"560,63",5%
PED-2026-00210,06-03-2026,Talleres Sanchez,MARKETPLACE,COMPLETADO,PRV-2002,3,"85,63",0
PED-2026-00210,2026-03-06,,MARKETPLACE,COMPLETADO,PRV-2109,1,79.05,5
PED-2026-00210,,Talleres Sanchez,MARKETPLACE,COMPLETADO,PRV-2089,2,"417,79",10
PED-2026-00210,06/03/2026,Talleres Sanchez,MARKETPLACE,COMPLETADO,PRV-2091,5,"283,37",0
PED-2026-00210,2026-03-06 19:24:00,Talleres Sanchez,MARKETPLACE,COMPLETADO,PRV-2036,1,342.14,5
PED-2026-00211,10-03-2026,Suministros Maresme,B2C,completado,PRV-2104,"5,0","92,59",5
PED-2026-00211,2026-03-10,Suministros Maresme,B2C,completado,PRV-2060,50,"235,81",0
PED-2026-00211,2026-03-10,Suministros Maresme,B2C,completado,PRV-2103,3,216.60,0
PED-2026-00211,10/03/2026,Suministros Maresme,B2C,completado,PRV-2102,3,"354,61",5
PED-2026-00211,2026-03-10 16:23:00,Suministros Maresme,B2C,completado,PRV-2028,5,"195,67",0
PED-2026-00212,16-03-2026,Grupo Ferreteria Norte,MARKETPLACE,PENDIENTE,PRV-2119,1,215.37,0
PED-2026-00212,2026-03-16,Grupo Ferreteria Norte,MARKETPLACE,PENDIENTE,PRV-2077,2,"424,66",0
PED-2026-00213,2026-03-28,  BRICOLAJE MONTSENY ,Marketplace,ENVIADO,PRV-2044,3,"201,77",5
PED-2026-00213,28/03/2026,Bricolaje Montseny,Marketplace,ENVIADO,PRV-2061,10,44.87,0
PED-2026-00213,2026-03-28 08:50:00,Bricolaje Montseny,Marketplace,ENVIADO,PRV-2062,1,"115,00",0
PED-2026-00213,28-03-2026,Bricolaje Montseny,Marketplace,ENVIADO,PRV-2102,5,"378,34",0
PED-2026-00213,2026-03-28,Bricolaje Montseny,Marketplace,ENVIADO,PRV-2014,"10,0",59.30,"0,1"
PED-2026-00214,2026-03-06,Ferreteria Los Olivos SL,MARKETPLACE,enviado,PRV-2101,1,"161,96",0
PED-2026-00215,21/03/2026,Ferrolab SA,b2c,PENDIENTE,PRV-2062,0,"109,51",0
PED-2026-00215,2026-03-21 11:47:00,Ferrolab SA,b2c,PENDIENTE,PRV-6165,10,63.84,15%
PED-2026-00215,21-03-2026,Ferrolab SA,b2c,PENDIENTE,PRV-2018,1,"206,19",10
PED-2026-00215,2026-03-21,Ferrolab SA,b2c,PENDIENTE,PRV-2030,1,"327,45",0
PED-2026-00216,2026-03-12,Comercial Riera,B2C,PENDIENTE,PRV-2010,2,371.42,15
PED-2026-00216,12/03/2026,Comercial Riera,B2C,PENDIENTE,PRV-2113,50,"177,76",0
PED-2026-00217,2026-03-08 08:50:00,Almacenes Duran e Hijos,MARKETPLACE,CANCELADO,PRV-2111,3,"66,75",0
PED-2026-00217,08-03-2026,  ALMACENES DURAN E HIJOS ,MARKETPLACE,CANCELADO,PRV-2122,1,265.15,0
PED-2026-00217,2026-03-08,Almacenes Duran e Hijos,MARKETPLACE,CANCELADO,PRV-2076,25,"139,63",5
PED-2026-00218,2026-03-24,Grupo Ferreteria Norte,b2b,enviado,PRV-2043,"1,0","54,24",0
PED-2026-00219,14/03/2026,Suministros Maresme,B2B,ENVIADO,PRV-2084,1,39.98,0
PED-2026-00220,2026-03-28 09:01:00,Grupo Ferreteria Norte,b2b,enviado,PRV-2007,5,"59,60",0
PED-2026-00220,28-03-2026,Grupo Ferreteria Norte,b2b,enviado,PRV-2086,5,"61,99",15
PED-2026-00220,2026-03-28,Grupo Ferreteria Norte,b2b,enviado,PRV-2077,1,416.33,5%
PED-2026-00221,2026-03-17,Ferreteria Los Olivos SL,Marketplace,DEVUELTO,PRV-2101,1,"171,47",0
PED-2026-00221,17/03/2026,Ferreteria Los Olivos SL,Marketplace,DEVUELTO,PRV-2013,25,,0
PED-2026-00221,2026-03-17 14:24:00,Ferreteria Los Olivos SL,Marketplace,DEVUELTO,PRV-2104,50,86.65,0
PED-2026-00222,18-03-2026,Suministros Industriales Vega,b2c,completado,PRV-2033,1,"345,87",5%
PED-2026-00222,2026-03-18,Suministros Industriales Vega,b2c,completado,PRV-2097,3,"209,31",15
PED-2026-00222,2026-03-18,Suministros Industriales Vega,b2c,completado,PRV-2109,3,79.03,0
PED-2026-00223,26/03/2026,  CONSTRUCCIONES ELORZA ,B2B,COMPLETADO,PRV-2081,"1,0","97,63",0
PED-2026-00223,2026-03-26 16:16:00,Construcciones Elorza,B2B,COMPLETADO,PRV-2009,1,"28,66",10%
PED-2026-00223,26-03-2026,Construcciones Elorza,B2B,COMPLETADO,PRV-6170,3,107.57,5
PED-2026-00224,2026-03-28,Construcciones Elorza,B2C,CANCELADO,PRV-2060,2,"255,50",10
PED-2026-00224,2026-03-28,Construcciones Elorza,B2C,CANCELADO,PRV-2076,25,"137,41",0
PED-2026-00225,20/03/2026,Ferreteria Los Olivos SL,MARKETPLACE,ENVIADO,PRV-2057,5,324.49,15%
PED-2026-00225,2026-03-20 09:23:00,Ferreteria Los Olivos SL,MARKETPLACE,ENVIADO,PRV-2008,10,"335,00",0
PED-2026-00225,20-03-2026,Ferreteria Los Olivos SL,MARKETPLACE,ENVIADO,PRV-2033,3,"332,29",0
PED-2026-00226,2026-03-22,Almacenes Duran e Hijos,MARKETPLACE,completado,PRV-2064,2,395.26,15
PED-2026-00226,2026-03-22,Almacenes Duran e Hijos,MARKETPLACE,completado,PRV-2110,5,"276,79",0
PED-2026-00227,03/03/2026,Almacenes Duran e Hijos,B2B,enviado,PRV-2004,1,"79,10",5
PED-2026-00227,2026-03-03 10:37:00,Almacenes Duran e Hijos,B2B,enviado,PRV-2059,"2,0",443.48,10
PED-2026-00227,03-03-2026,Almacenes Duran e Hijos,B2B,enviado,PRV-2004,25,"76,37",0
PED-2026-00227,2026-03-03,  ALMACENES DURAN E HIJOS ,B2B,enviado,PRV-2026,3,"65,70",0
PED-2026-00227,2026-03-03,Almacenes Duran e Hijos,B2B,enviado,PRV-2065,3,10.98,"0,05"
PED-2026-00228,12/03/2026,Obras y Reformas Prat,b2b,DEVUELTO,PRV-2043,1,"61,70",0
PED-2026-00228,2026-03-12 15:33:00,Obras y Reformas Prat,b2b,DEVUELTO,PRV-2002,1,"81,95",0
PED-2026-00228,12-03-2026,Obras y Reformas Prat,b2b,DEVUELTO,PRV-2014,1,61.56,0
PED-2026-00228,2026-03-12,Obras y Reformas Prat,b2b,DEVUELTO,PRV-2078,3,"468,36",0
PED-2026-00229,2026-03-03,Bricolaje Montseny,MARKETPLACE,Completado,PRV-2104,3,"85,36",0
PED-2026-00229,03/03/2026,Bricolaje Montseny,MARKETPLACE,Completado,PRV-2033,1,377.92,5
PED-2026-00229,2026-03-03 15:41:00,Bricolaje Montseny,MARKETPLACE,Completado,PRV-2124,2,"222,74",10%
PED-2026-00229,03-03-2026,Bricolaje Montseny,MARKETPLACE,Completado,PRV-2014,"1,0","62,13",0
PED-2026-00230,2026-03-23,Bricolaje Montseny,B2B,ENVIADO,PRV-2058,1,190.60,"0,05"
PED-2026-00230,2026-03-23,Bricolaje Montseny,B2B,ENVIADO,PRV-2113,3,"191,40",0
PED-2026-00230,23/03/2026,Bricolaje Montseny,B2B,ENVIADO,PRV-2005,10,"415,35",5%
PED-2026-00230,2026-03-23 12:41:00,  BRICOLAJE MONTSENY ,B2B,ENVIADO,PRV-2072,3,59.23,5
PED-2026-00231,07-04-2026,Comercial Riera,B2C,Completado,PRV-2023,10,"358,59",10
PED-2026-00231,2026-04-07,Comercial Riera,B2C,Completado,PRV-2116,1,"356,93",0
PED-2026-00231,2026-04-07,Comercial Riera,B2C,Completado,PRV-2003,1,50.09,5%
PED-2026-00231,07/04/2026,Comercial Riera,B2C,Completado,PRV-2025,2,"293,25",10
PED-2026-00231,2026-04-07 18:08:00,Comercial Riera,B2C,Completado,PRV-2028,3,"195,94",0
PED-2026-00232,23-04-2026,Construcciones Elorza,B2C,ENVIADO,PRV-2045,10,425.54,
PED-2026-00232,2026-04-23,Construcciones Elorza,B2C,ENVIADO,PRV-2075,"3,0","562,00",0
PED-2026-00232,2026-04-23,Construcciones Elorza,B2C,ENVIADO,PRV-2091,3,"310,91",15
PED-2026-00232,23/04/2026,Construcciones Elorza,B2C,ENVIADO,PRV-2036,10,336.35,15
PED-2026-00233,2026-04-10 09:58:00,Ferrolab SA,b2c,CANCELADO,PRV-2050,2,"79,60",5
PED-2026-00233,10-04-2026,Ferrolab SA,b2c,CANCELADO,PRV-6132,50,"168,70",10%
PED-2026-00234,2026-04-01,Talleres Sanchez,MARKETPLACE,COMPLETADO,PRV-2060,1,260.24,0
PED-2026-00234,2026-04-01,  TALLERES SANCHEZ ,MARKETPLACE,COMPLETADO,PRV-2029,2,"532,89",0
PED-2026-00234,01/04/2026,Talleres Sanchez,MARKETPLACE,COMPLETADO,PRV-2065,-1,"11,41",15
PED-2026-00235,2026-04-09 15:34:00,Comercial Riera,b2b,Completado,PRV-2114,1,144.92,15%
PED-2026-00235,09-04-2026,Comercial Riera,b2b,Completado,PRV-2019,25,"578,45",5
PED-2026-00236,2026-04-21,Ferrolab SA,Marketplace,COMPLETADO,PRV-2094,2,"277,25",0
PED-2026-00236,2026-04-21,Ferrolab SA,Marketplace,COMPLETADO,PRV-6194,"25,0",118.54,5
PED-2026-00236,21/04/2026,Ferrolab SA,Marketplace,COMPLETADO,PRV-2124,1,"222,29",0
PED-2026-00236,2026-04-21 14:50:00,Ferrolab SA,Marketplace,COMPLETADO,PRV-2021,1,"232,00",15
PED-2026-00236,21-04-2026,Ferrolab SA,Marketplace,COMPLETADO,PRV-6135,10,149.07,15
PED-2026-00237,2026-04-16,Construcciones Elorza,b2c,completado,PRV-2067,1,"302,99",10
PED-2026-00237,2026-04-16,Construcciones Elorza,b2c,completado,PRV-2036,10,"332,48",5%
PED-2026-00237,16/04/2026,Construcciones Elorza,b2c,completado,PRV-2062,1,109.73,"0,15"
PED-2026-00237,2026-04-16 12:17:00,Construcciones Elorza,b2c,completado,PRV-2058,2,"185,59",5
PED-2026-00238,27-04-2026,  SUMINISTROS INDUSTRIALES VEGA ,B2C,completado,PRV-2115,25,"288,96",10
PED-2026-00238,2026-04-27,Suministros Industriales Vega,B2C,completado,PRV-2049,3,426.22,0
PED-2026-00239,2026-04-28,Ferreteria Los Olivos SL,b2b,COMPLETADO,PRV-2063,2,"457,60",10
PED-2026-00239,28/04/2026,Ferreteria Los Olivos SL,b2b,COMPLETADO,PRV-2050,"2,0","79,39",15
PED-2026-00239,2026-04-28 12:07:00,Ferreteria Los Olivos SL,b2b,COMPLETADO,PRV-2084,5,39.81,10
PED-2026-00239,28-04-2026,Ferreteria Los Olivos SL,b2b,COMPLETADO,PRV-2081,3,"94,99",15%
PED-2026-00239,2026-04-28,Ferreteria Los Olivos SL,b2b,COMPLETADO,PRV-2109,3,"80,29",15
PED-2026-00240,2026-04-01,Suministros Maresme,Marketplace,ENVIADO,PRV-6163,2,140.21,0
PED-2026-00240,01/04/2026,Suministros Maresme,Marketplace,ENVIADO,PRV-2080,3,"366,13",5
PED-2026-00240,,Suministros Maresme,Marketplace,ENVIADO,PRV-2050,3,"76,92",0
PED-2026-00240,01-04-2026,Suministros Maresme,Marketplace,ENVIADO,PRV-2042,5,274.11,10
PED-2026-00240,2026-04-01,Suministros Maresme,Marketplace,ENVIADO,PRV-2122,25,"251,42",0
PED-2026-00241,2026-04-22,Construcciones Elorza,Marketplace,completado,PRV-2026,2,"62,54",0
PED-2026-00241,22/04/2026,  CONSTRUCCIONES ELORZA ,Marketplace,completado,PRV-2050,1,71.30,0
PED-2026-00242,2026-04-04 13:12:00,Ferreteria El Tornillo,B2C,PENDIENTE,PRV-2011,"10,0",,0
PED-2026-00242,04-04-2026,Ferreteria El Tornillo,B2C,PENDIENTE,PRV-2060,3,"258,72",0
PED-2026-00243,2026-04-21,Ferreteria Los Olivos SL,b2b,completado,PRV-2100,2,388.85,0
PED-2026-00243,2026-04-21,Ferreteria Los Olivos SL,b2b,completado,PRV-2092,2,"251,30",15%
PED-2026-00243,21/04/2026,Ferreteria Los Olivos SL,b2b,completado,PRV-2092,1,"282,74",10
PED-2026-00244,2026-04-24 16:08:00,Distribuciones Aragon,b2b,Completado,PRV-2022,1,417.16,10
PED-2026-00244,24-04-2026,Distribuciones Aragon,b2b,Completado,PRV-2078,2,"433,57",10
PED-2026-00244,2026-04-24,Distribuciones Aragon,b2b,Completado,PRV-2112,25,"28,37",0
PED-2026-00244,2026-04-24,Distribuciones Aragon,b2b,Completado,PRV-2092,1,253.14,0
PED-2026-00245,03/04/2026,Bricolaje Montseny,Marketplace,ENVIADO,PRV-2103,3,"203,55",0
PED-2026-00245,2026-04-03 10:16:00,,Marketplace,ENVIADO,PRV-2123,1,"340,65",0
PED-2026-00245,03-04-2026,Bricolaje Montseny,Marketplace,ENVIADO,PRV-2109,"10,0",77.28,0
PED-2026-00246,2026-04-24,  FERRETERIA EL TORNILLO ,Marketplace,ENVIADO,PRV-2114,2,"163,37",0
PED-2026-00246,2026-04-24,Ferreteria El Tornillo,Marketplace,ENVIADO,PRV-2052,25,"400,38",0
PED-2026-00247,03/04/2026,Bricolaje Montseny,b2b,cancelado,PRV-2032,10,95.93,5
PED-2026-00248,2026-04-02 15:23:00,Comercial Riera,b2c,COMPLETADO,PRV-2099,5,"346,68",0
PED-2026-00248,02-04-2026,Comercial Riera,b2c,COMPLETADO,PRV-6166,2,"81,07",5
PED-2026-00248,2026-04-02,Comercial Riera,b2c,COMPLETADO,PRV-2054,1,497.84,0
PED-2026-00248,2026-04-02,Comercial Riera,b2c,COMPLETADO,PRV-2015,1,"288,04",0
PED-2026-00249,22/04/2026,Grupo Ferreteria Norte,B2C,ENVIADO,PRV-2013,2,"504,54",5%
PED-2026-00249,2026-04-22 10:31:00,Grupo Ferreteria Norte,B2C,ENVIADO,PRV-2040,2,365.58,0
PED-2026-00250,08-05-2026,Bricolaje Montseny,Marketplace,COMPLETADO,PRV-2052,10,"393,62",0
PED-2026-00250,2026-05-08,Bricolaje Montseny,Marketplace,COMPLETADO,PRV-2006,"2,0","531,91",15
PED-2026-00250,2026-05-08,Bricolaje Montseny,Marketplace,COMPLETADO,PRV-2067,3,306.83,15%
PED-2026-00250,08/05/2026,Bricolaje Montseny,Marketplace,COMPLETADO,PRV-2119,3,"209,73",10
PED-2026-00251,2026-05-01 18:21:00,  SUMINISTROS INDUSTRIALES VEGA ,B2B,CANCELADO,PRV-2011,1,"26,30",5
PED-2026-00252,01-05-2026,Ferrolab SA,Marketplace,CANCELADO,PRV-2097,5,211.89,10
PED-2026-00252,2026-05-01,Ferrolab SA,Marketplace,CANCELADO,PRV-2026,2,"64,94",5%
PED-2026-00252,2026-05-01,Ferrolab SA,Marketplace,CANCELADO,PRV-2099,1,"347,14",10
PED-2026-00252,01/05/2026,Ferrolab SA,Marketplace,CANCELADO,PRV-2038,5,196.37,0
PED-2026-00253,2026-05-15 19:30:00,Grupo Ferreteria Norte,b2b,enviado,PRV-2089,2,"423,12",0
PED-2026-00253,15-05-2026,Grupo Ferreteria Norte,b2b,enviado,PRV-2119,1,"211,49",5%
PED-2026-00253,2026-05-15,Grupo Ferreteria Norte,b2b,enviado,PRV-2119,2,223.49,15
PED-2026-00253,2026-05-15,Grupo Ferreteria Norte,b2b,enviado,PRV-2069,"2,0","421,25",0
PED-2026-00253,15/05/2026,Grupo Ferreteria Norte,b2b,enviado,PRV-2064,3,"376,85",5
PED-2026-00254,2026-05-01 18:53:00,Distribuciones Aragon,b2c,Completado,PRV-2069,10,435.08,10%
PED-2026-00254,01-05-2026,Distribuciones Aragon,b2c,Completado,PRV-2035,10,"292,08",0
PED-2026-00254,2026-05-01,Distribuciones Aragon,b2c,Completado,PRV-2038,1,"187,50",0
PED-2026-00255,2026-05-28,  ALMACENES DURAN E HIJOS ,b2c,enviado,PRV-2002,2,91.21,0
PED-2026-00255,28/05/2026,Almacenes Duran e Hijos,b2c,enviado,PRV-2088,2,"230,65",10%
PED-2026-00255,2026-05-28 19:10:00,Almacenes Duran e Hijos,b2c,enviado,PRV-2037,5,"323,97",0
PED-2026-00255,28-05-2026,Almacenes Duran e Hijos,b2c,enviado,PRV-6107,5,191.07,15
PED-2026-00255,2026-05-28,Almacenes Duran e Hijos,b2c,enviado,PRV-2070,1,"407,76",10
PED-2026-00256,2026-05-23,Obras y Reformas Prat,B2B,enviado,PRV-2107,3,"339,57",0
PED-2026-00256,23/05/2026,Obras y Reformas Prat,B2B,enviado,PRV-2024,"1,0",73.40,5
PED-2026-00257,2026-05-03 09:50:00,Talleres Sanchez,MARKETPLACE,CANCELADO,PRV-2061,1,"48,44",0
PED-2026-00257,03-05-2026,Talleres Sanchez,MARKETPLACE,CANCELADO,PRV-2045,3,"418,10",5
PED-2026-00257,2026-05-03,Talleres Sanchez,MARKETPLACE,CANCELADO,PRV-2056,2,132.29,15%
PED-2026-00257,2026-05-03,Talleres Sanchez,MARKETPLACE,CANCELADO,PRV-2051,2,"252,74",0
PED-2026-00257,03/05/2026,Talleres Sanchez,MARKETPLACE,CANCELADO,PRV-2104,3,"95,14",
PED-2026-00258,2026-05-06 16:17:00,Suministros Maresme,B2C,COMPLETADO,PRV-2109,25,80.46,5
PED-2026-00258,06-05-2026,  SUMINISTROS MARESME ,B2C,COMPLETADO,PRV-2095,5,"94,19",5%
PED-2026-00259,2026-05-18,Distribuciones Aragon,Marketplace,cancelado,PRV-2067,2,"283,13",0
PED-2026-00259,2026-05-18,Distribuciones Aragon,Marketplace,cancelado,PRV-2059,0,463.82,5
PED-2026-00259,18/05/2026,Distribuciones Aragon,Marketplace,cancelado,PRV-2024,25,"69,74",0
PED-2026-00259,2026-05-18 18:47:00,Distribuciones Aragon,Marketplace,cancelado,PRV-2069,"25,0","422,56",0
PED-2026-00260,03-05-2026,Obras y Reformas Prat,b2b,PENDIENTE,PRV-2029,2,563.93,"0,05"
PED-2026-00261,2026-05-24,Suministros Industriales Vega,B2B,completado,PRV-2019,10,"573,65",10
PED-2026-00261,2026-05-24,Suministros Industriales Vega,B2B,completado,PRV-2121,25,"194,99",15
PED-2026-00261,24/05/2026,Suministros Industriales Vega,B2B,completado,PRV-2124,1,216.34,10%
PED-2026-00261,2026-05-24 08:13:00,Suministros Industriales Vega,B2B,completado,PRV-2081,5,"105,63",0
PED-2026-00261,24-05-2026,Suministros Industriales Vega,B2B,completado,PRV-2061,10,"47,10",0
PED-2026-00262,2026-05-07,Suministros Industriales Vega,Marketplace,completado,PRV-2074,10,262.50,0
PED-2026-00262,2026-05-07,Suministros Industriales Vega,Marketplace,completado,PRV-2110,2,"267,58",0
PED-2026-00262,07/05/2026,  SUMINISTROS INDUSTRIALES VEGA ,Marketplace,completado,PRV-2008,1,"351,27",0
PED-2026-00262,2026-05-07 12:26:00,Suministros Industriales Vega,Marketplace,completado,PRV-2061,1,45.18,"0,05"
PED-2026-00262,07-05-2026,Suministros Industriales Vega,Marketplace,completado,PRV-2054,"2,0","462,14",0
PED-2026-00263,2026-05-15,Talleres Sanchez,B2B,ENVIADO,PRV-2011,10,"24,10",15%
PED-2026-00264,2026-05-09,Construcciones Elorza,B2B,CANCELADO,PRV-2124,10,224.22,5
PED-2026-00264,09/05/2026,Construcciones Elorza,B2B,CANCELADO,PRV-2060,5,"253,77",5
PED-2026-00264,2026-05-09 18:07:00,Construcciones Elorza,B2B,CANCELADO,PRV-6141,1,"33,25",5
PED-2026-00265,14-05-2026,Ferreteria El Tornillo,B2C,Completado,PRV-2086,2,,5%
PED-2026-00265,2026-05-14,Ferreteria El Tornillo,B2C,Completado,PRV-2030,1,"331,89",0
PED-2026-00265,2026-05-14,Ferreteria El Tornillo,B2C,Completado,PRV-2023,2,"356,57",5
PED-2026-00265,14/05/2026,Ferreteria El Tornillo,B2C,Completado,PRV-2072,1,54.67,0
PED-2026-00266,2026-05-04 08:16:00,Ferreteria Los Olivos SL,Marketplace,completado,PRV-2047,1,"66,63",5%
PED-2026-00266,04-05-2026,Ferreteria Los Olivos SL,Marketplace,completado,PRV-2031,5,"271,03",5
PED-2026-00266,2026-05-04,  FERRETERIA LOS OLIVOS SL ,Marketplace,completado,PRV-2053,"50,0",86.84,0
PED-2026-00266,2026-05-04,Ferreteria Los Olivos SL,Marketplace,completado,PRV-2021,3,"263,81",0
PED-2026-00267,08/05/2026,Talleres Sanchez,b2c,DEVUELTO,PRV-2069,50,"415,89",5%
PED-2026-00267,2026-05-08 18:22:00,Talleres Sanchez,b2c,DEVUELTO,PRV-2112,3,26.68,0
PED-2026-00267,08-05-2026,Talleres Sanchez,b2c,DEVUELTO,PRV-6107,2,"172,83",0
PED-2026-00268,2026-05-19,Instalaciones Bermudez,Marketplace,Completado,PRV-2115,10,"286,87",0
PED-2026-00268,2026-05-19,Instalaciones Bermudez,Marketplace,Completado,PRV-2014,10,61.93,0
PED-2026-00268,19/05/2026,Instalaciones Bermudez,Marketplace,Completado,PRV-2021,2,"253,13",5
PED-2026-00268,2026-05-19 19:04:00,Instalaciones Bermudez,Marketplace,Completado,PRV-2070,50,"418,32",5
PED-2026-00268,19-05-2026,Instalaciones Bermudez,Marketplace,Completado,PRV-2009,2,28.89,0
PED-2026-00269,2026-05-22,Obras y Reformas Prat,Marketplace,ENVIADO,PRV-2005,5,"394,38",5%
PED-2026-00269,2026-05-22,Obras y Reformas Prat,Marketplace,ENVIADO,PRV-6133,"25,0","72,84",15
PED-2026-00269,22/05/2026,Obras y Reformas Prat,Marketplace,ENVIADO,PRV-2086,1,58.23,0
PED-2026-00270,2026-05-07 14:29:00,  SUMINISTROS INDUSTRIALES VEGA ,b2c,completado,PRV-2107,3,"339,42",0
PED-2026-00270,07-05-2026,Suministros Industriales Vega,b2c,completado,PRV-2042,10,"281,89",0
PED-2026-00271,,Instalaciones Bermudez,b2c,ENVIADO,PRV-2099,3,371.94,0
PED-2026-00271,2026-05-24,Instalaciones Bermudez,b2c,ENVIADO,PRV-2023,2,"366,84",0
PED-2026-00272,03/05/2026,Distribuciones Aragon,B2B,COMPLETADO,PRV-2124,25,"222,83",0
PED-2026-00272,2026-05-03 13:49:00,Distribuciones Aragon,B2B,COMPLETADO,PRV-2006,3,495.56,0
PED-2026-00272,03-05-2026,Distribuciones Aragon,B2B,COMPLETADO,PRV-2072,2,"57,09",0
PED-2026-00272,2026-05-03,Distribuciones Aragon,B2B,COMPLETADO,PRV-6158,1,"119,70",10
PED-2026-00272,2026-05-03,Distribuciones Aragon,B2B,COMPLETADO,PRV-2074,1,252.40,0
PED-2026-00273,09/05/2026,Grupo Ferreteria Norte,Marketplace,enviado,PRV-2098,"2,0","289,56",10%
PED-2026-00274,2026-06-11 17:41:00,Bricolaje Montseny,B2C,enviado,PRV-2068,50,"204,50",5
PED-2026-00275,21-06-2026,Suministros Industriales Vega,b2c,ENVIADO,PRV-2037,1,291.06,0
PED-2026-00276,2026-06-21,Hidraulica Levante,b2b,CANCELADO,PRV-2043,3,"59,89",0
PED-2026-00276,2026-06-21,  HIDRAULICA LEVANTE ,b2b,CANCELADO,PRV-2034,2,"354,31",0
PED-2026-00276,21/06/2026,Hidraulica Levante,b2b,CANCELADO,PRV-2088,1,242.79,0
PED-2026-00276,2026-06-21 12:35:00,Hidraulica Levante,b2b,CANCELADO,PRV-2077,5,"411,54",0
PED-2026-00276,21-06-2026,Hidraulica Levante,b2b,CANCELADO,PRV-2017,1,"237,08",0
PED-2026-00277,2026-06-21,Bricolaje Montseny,Marketplace,ENVIADO,PRV-2037,2,293.80,15%
PED-2026-00277,2026-06-21,Bricolaje Montseny,Marketplace,ENVIADO,PRV-2013,1,"517,29",0
PED-2026-00277,21/06/2026,Bricolaje Montseny,Marketplace,ENVIADO,PRV-2113,1,"191,72",0
PED-2026-00277,2026-06-21 09:41:00,Bricolaje Montseny,Marketplace,ENVIADO,PRV-2106,"25,0",287.05,0
PED-2026-00278,09-06-2026,Bricolaje Montseny,b2b,Completado,PRV-2023,1,"397,77",10%
PED-2026-00278,2026-06-09,Bricolaje Montseny,b2b,Completado,PRV-2084,1,"43,74",0
PED-2026-00279,2026-06-13,Ferreteria El Tornillo,b2b,ENVIADO,PRV-2095,1,97.28,5
PED-2026-00279,13/06/2026,Ferreteria El Tornillo,b2b,ENVIADO,PRV-2097,1,"227,05",0
PED-2026-00279,2026-06-13 17:33:00,Ferreteria El Tornillo,b2b,ENVIADO,PRV-2060,2,"251,31",0
PED-2026-00279,13-06-2026,  FERRETERIA EL TORNILLO ,b2b,ENVIADO,PRV-2039,2,342.01,10
PED-2026-00279,2026-06-13,Ferreteria El Tornillo,b2b,ENVIADO,PRV-2034,25,"378,94",0
PED-2026-00280,2026-06-17,Almacenes Duran e Hijos,b2b,enviado,PRV-2060,5,"242,66",15
PED-2026-00280,17/06/2026,Almacenes Duran e Hijos,b2b,enviado,PRV-2104,1,83.37,0
PED-2026-00280,2026-06-17 13:36:00,Almacenes Duran e Hijos,b2b,enviado,PRV-2025,2,"290,78",0
PED-2026-00280,17-06-2026,Almacenes Duran e Hijos,b2b,enviado,PRV-2076,"1,0","144,76",5
PED-2026-00281,2026-06-15,Ferreteria Los Olivos SL,B2B,PENDIENTE,PRV-2051,1,259.87,0
PED-2026-00282,2026-06-06,,B2B,Completado,PRV-2046,5,"234,19",0
PED-2026-00282,06/06/2026,Distribuciones Aragon,B2B,Completado,PRV-2107,3,"382,78",0
PED-2026-00283,2026-06-17 11:40:00,Hidraulica Levante,Marketplace,completado,PRV-2019,-3,568.99,0
PED-2026-00283,17-06-2026,Hidraulica Levante,Marketplace,completado,PRV-2058,3,"183,90",0
PED-2026-00283,2026-06-17,Hidraulica Levante,Marketplace,completado,PRV-2088,3,"250,91",0
PED-2026-00284,2026-06-09,Distribuciones Aragon,Marketplace,ENVIADO,PRV-2097,25,225.50,"0,1"
PED-2026-00285,07/06/2026,  TALLERES SANCHEZ ,B2B,COMPLETADO,PRV-2026,1,"61,20",5
PED-2026-00285,2026-06-07 17:14:00,Talleres Sanchez,B2B,COMPLETADO,PRV-2108,1,"7,16",5
PED-2026-00285,07-06-2026,Talleres Sanchez,B2B,COMPLETADO,PRV-2114,25,156.01,10%
PED-2026-00286,2026-06-03,Suministros Industriales Vega,B2C,CANCELADO,PRV-2093,"50,0","327,75",
PED-2026-00286,2026-06-03,Suministros Industriales Vega,B2C,CANCELADO,PRV-2012,3,"347,74",0
PED-2026-00286,03/06/2026,Suministros Industriales Vega,B2C,CANCELADO,PRV-2066,1,481.18,0
PED-2026-00286,2026-06-03 09:26:00,Suministros Industriales Vega,B2C,CANCELADO,PRV-2033,2,"362,04",15%
PED-2026-00286,03-06-2026,Suministros Industriales Vega,B2C,CANCELADO,PRV-2037,1,"301,80",0
PED-2026-00287,2026-06-13,Bricolaje Montseny,Marketplace,completado,PRV-2107,2,353.45,0
PED-2026-00287,2026-06-13,Bricolaje Montseny,Marketplace,completado,PRV-2089,5,"436,95",0
PED-2026-00287,13/06/2026,Bricolaje Montseny,Marketplace,completado,PRV-2077,25,"388,48",0
PED-2026-00288,2026-06-21 08:08:00,Hidraulica Levante,MARKETPLACE,completado,PRV-2028,1,213.79,0
PED-2026-00288,21-06-2026,Hidraulica Levante,MARKETPLACE,completado,PRV-2113,1,"195,24",10
PED-2026-00288,2026-06-21,  HIDRAULICA LEVANTE ,MARKETPLACE,completado,PRV-2115,1,,5
PED-2026-00288,2026-06-21,Hidraulica Levante,MARKETPLACE,completado,PRV-2058,"25,0",179.06,0
PED-2026-00288,21/06/2026,Hidraulica Levante,MARKETPLACE,completado,PRV-2029,5,"586,13",0
PED-2026-00289,2026-06-08 16:21:00,Grupo Ferreteria Norte,B2B,CANCELADO,PRV-2089,5,"401,21",0
PED-2026-00289,08-06-2026,Grupo Ferreteria Norte,B2B,CANCELADO,PRV-2121,2,191.25,0
PED-2026-00289,2026-06-08,Grupo Ferreteria Norte,B2B,CANCELADO,PRV-2101,10,"179,71",5%
PED-2026-00290,2026-06-06,Comercial Riera,B2C,DEVUELTO,PRV-2078,1,"438,62",10
PED-2026-00290,06/06/2026,Comercial Riera,B2C,DEVUELTO,PRV-2086,10,58.64,10
PED-2026-00290,2026-06-06 16:18:00,Comercial Riera,B2C,DEVUELTO,PRV-2102,2,"378,88",0
PED-2026-00291,08-06-2026,Ferrolab SA,MARKETPLACE,PENDIENTE,PRV-2078,3,"479,13",0
PED-2026-00291,2026-06-08,Ferrolab SA,MARKETPLACE,PENDIENTE,PRV-2033,10,373.61,0
PED-2026-00291,2026-06-08,Ferrolab SA,MARKETPLACE,PENDIENTE,PRV-2010,10,"378,12",0
PED-2026-00291,08/06/2026,Ferrolab SA,MARKETPLACE,PENDIENTE,PRV-2018,"3,0","207,50",15
PED-2026-00292,2026-06-06 19:01:00,  DISTRIBUCIONES ARAGON ,MARKETPLACE,COMPLETADO,PRV-6127,50,199.46,5%
PED-2026-00292,06-06-2026,Distribuciones Aragon,MARKETPLACE,COMPLETADO,PRV-2077,1,"390,41",5
PED-2026-00292,2026-06-06,Distribuciones Aragon,MARKETPLACE,COMPLETADO,PRV-2006,1,"516,36",0
PED-2026-00292,2026-06-06,Distribuciones Aragon,MARKETPLACE,COMPLETADO,PRV-2005,10,395.68,15
PED-2026-00293,24/06/2026,Talleres Sanchez,MARKETPLACE,COMPLETADO,PRV-2005,2,"377,94",0
PED-2026-00293,2026-06-24 18:48:00,Talleres Sanchez,MARKETPLACE,COMPLETADO,PRV-2120,1,"142,92",5
PED-2026-00293,24-06-2026,Talleres Sanchez,MARKETPLACE,COMPLETADO,PRV-2005,2,429.29,0
PED-2026-00294,2026-06-22,Hidraulica Levante,Marketplace,ENVIADO,PRV-2026,3,"63,55",10
PED-2026-00294,2026-06-22,Hidraulica Levante,Marketplace,ENVIADO,PRV-2106,2,"303,64",0
PED-2026-00294,22/06/2026,Hidraulica Levante,Marketplace,ENVIADO,PRV-2056,10,144.02,"0,05"
PED-2026-00295,2026-06-23 08:58:00,Hidraulica Levante,Marketplace,PENDIENTE,PRV-2086,"1,0","61,92",15
PED-2026-00295,23-06-2026,Hidraulica Levante,Marketplace,PENDIENTE,PRV-2120,10,"143,05",15
PED-2026-00295,2026-06-23,Hidraulica Levante,Marketplace,PENDIENTE,PRV-2060,1,264.70,5%
PED-2026-00296,2026-06-24,  SUMINISTROS INDUSTRIALES VEGA ,b2c,Completado,PRV-2054,10,"466,37",0
PED-2026-00296,24/06/2026,Suministros Industriales Vega,b2c,Completado,PRV-2068,25,"215,62",10
PED-2026-00296,2026-06-24 17:17:00,Suministros Industriales Vega,b2c,Completado,PRV-2066,10,519.51,0
PED-2026-00297,22-06-2026,Suministros Maresme,B2C,CANCELADO,PRV-2046,25,"217,23",0
PED-2026-00298,2026-06-05,Almacenes Duran e Hijos,b2c,enviado,PRV-2107,5,"348,73",5
PED-2026-00298,2026-06-05,Almacenes Duran e Hijos,b2c,enviado,PRV-2038,25,188.41,0
PED-2026-00298,05/06/2026,Almacenes Duran e Hijos,b2c,enviado,PRV-2083,10,"109,07",0
PED-2026-00299,2026-06-09 13:10:00,Suministros Maresme,MARKETPLACE,enviado,PRV-2010,3,"361,64",5%
PED-2026-00299,09-06-2026,Suministros Maresme,MARKETPLACE,enviado,PRV-2034,"10,0",365.11,5
PED-2026-00299,2026-06-09,Suministros Maresme,MARKETPLACE,enviado,PRV-2048,5,"286,39",5
PED-2026-00299,2026-06-09,Suministros Maresme,MARKETPLACE,enviado,PRV-2064,1,"423,44",0
PED-2026-00300,22/06/2026,Ferrolab SA,b2c,ENVIADO,PRV-2089,3,407.15,0
PED-2026-00300,2026-06-22 12:35:00,Ferrolab SA,b2c,ENVIADO,PRV-2008,5,"356,19",0
PED-2026-00300,22-06-2026,  FERROLAB SA ,b2c,ENVIADO,PRV-2015,10,"310,68",0
PED-2026-00300,2026-06-22,Ferrolab SA,b2c,ENVIADO,PRV-2027,5,106.28,0
PED-2026-00300,2026-06-22,Ferrolab SA,b2c,ENVIADO,PRV-2100,2,"409,93",0
PED-2026-00301,08/07/2026,Almacenes Duran e Hijos,b2b,DEVUELTO,PRV-2119,3,"213,66",5
PED-2026-00301,2026-07-08 17:50:00,Almacenes Duran e Hijos,b2b,DEVUELTO,PRV-2082,1,459.43,0
PED-2026-00302,20-07-2026,Grupo Ferreteria Norte,b2b,enviado,PRV-2018,25,"230,08",15
PED-2026-00302,2026-07-20,Grupo Ferreteria Norte,b2b,enviado,PRV-2067,"10,0","287,06",0
PED-2026-00302,2026-07-20,Grupo Ferreteria Norte,b2b,enviado,PRV-2043,3,55.96,10
PED-2026-00302,,Grupo Ferreteria Norte,b2b,enviado,PRV-2017,1,"260,07",0
PED-2026-00303,2026-07-25 15:04:00,Distribuciones Aragon,B2C,COMPLETADO,PRV-2018,50,"228,83",5
PED-2026-00303,25-07-2026,Distribuciones Aragon,B2C,COMPLETADO,PRV-2123,25,378.29,0
PED-2026-00303,2026-07-25,Distribuciones Aragon,B2C,COMPLETADO,PRV-2015,0,"284,54",5
PED-2026-00303,2026-07-25,Distribuciones Aragon,B2C,COMPLETADO,PRV-2028,3,"198,05",0
PED-2026-00303,25/07/2026,  DISTRIBUCIONES ARAGON ,B2C,COMPLETADO,PRV-2102,2,340.75,10
PED-2026-00304,2026-07-17 12:00:00,Comercial Riera,b2b,COMPLETADO,PRV-2050,2,"76,72",0
PED-2026-00304,17-07-2026,Comercial Riera,b2b,COMPLETADO,PRV-2114,3,"163,58",0
PED-2026-00304,2026-07-17,Comercial Riera,b2b,COMPLETADO,PRV-2085,3,111.73,0
PED-2026-00304,2026-07-17,Comercial Riera,b2b,COMPLETADO,PRV-2053,"5,0","83,36",10
PED-2026-00304,17/07/2026,Comercial Riera,b2b,COMPLETADO,PRV-2038,10,"180,05",0
PED-2026-00305,2026-07-12 08:07:00,Talleres Sanchez,b2b,CANCELADO,PRV-2038,25,188.21,0
PED-2026-00305,12-07-2026,Talleres Sanchez,b2b,CANCELADO,PRV-2055,25,"531,34",0
PED-2026-00305,2026-07-12,Talleres Sanchez,b2b,CANCELADO,PRV-2058,1,"166,52",10
PED-2026-00306,2026-07-19,Bricolaje Montseny,MARKETPLACE,cancelado,PRV-2117,2,442.98,5%
PED-2026-00307,17/07/2026,Suministros Industriales Vega,b2c,enviado,PRV-2023,25,"410,97",0
PED-2026-00307,2026-07-17 11:23:00,Suministros Industriales Vega,b2c,enviado,PRV-2057,1,"374,00",10
PED-2026-00307,17-07-2026,Suministros Industriales Vega,b2c,enviado,PRV-2115,2,307.33,0
PED-2026-00308,2026-07-02,  INSTALACIONES BERMUDEZ ,B2C,Completado,PRV-2080,5,"370,04",0
PED-2026-00308,2026-07-02,Instalaciones Bermudez,B2C,Completado,PRV-2081,1,"101,49",0
PED-2026-00308,02/07/2026,Instalaciones Bermudez,B2C,Completado,PRV-2109,"10,0",73.90,"0,1"
PED-2026-00308,2026-07-02 11:14:00,Instalaciones Bermudez,B2C,Completado,PRV-2061,3,"44,53",0
PED-2026-00309,08-07-2026,Grupo Ferreteria Norte,b2b,COMPLETADO,PRV-2045,1,"475,80",0
PED-2026-00309,2026-07-08,Grupo Ferreteria Norte,b2b,COMPLETADO,PRV-2115,2,284.92,0
PED-2026-00309,2026-07-08,Grupo Ferreteria Norte,b2b,COMPLETADO,PRV-2094,1,,0
PED-2026-00310,17/07/2026,Suministros Maresme,Marketplace,COMPLETADO,PRV-2112,1,"29,09",5
PED-2026-00310,2026-07-17 18:40:00,Suministros Maresme,Marketplace,COMPLETADO,PRV-2002,25,89.41,
PED-2026-00311,13-07-2026,Bricolaje Montseny,b2b,COMPLETADO,PRV-2067,2,"306,15",0
PED-2026-00311,2026-07-13,Bricolaje Montseny,b2b,COMPLETADO,PRV-2114,3,"159,95",0
PED-2026-00311,2026-07-13,Bricolaje Montseny,b2b,COMPLETADO,PRV-2016,50,334.54,"0,1"
PED-2026-00311,13/07/2026,Bricolaje Montseny,b2b,COMPLETADO,PRV-2101,10,"184,31",0
PED-2026-00311,2026-07-13 11:25:00,  BRICOLAJE MONTSENY ,b2b,COMPLETADO,PRV-2061,"1,0","43,72",5
PED-2026-00312,22-07-2026,Comercial Riera,MARKETPLACE,ENVIADO,PRV-2042,3,268.80,0
PED-2026-00312,2026-07-22,Comercial Riera,MARKETPLACE,ENVIADO,PRV-2037,3,"327,57",0
PED-2026-00312,2026-07-22,Comercial Riera,MARKETPLACE,ENVIADO,PRV-2112,1,"26,96",5%
PED-2026-00312,22/07/2026,Comercial Riera,MARKETPLACE,ENVIADO,PRV-2018,5,214.68,0
PED-2026-00313,2026-07-05 14:49:00,Ferreteria Los Olivos SL,Marketplace,CANCELADO,PRV-2082,1,"450,11",5
PED-2026-00314,16-07-2026,Almacenes Duran e Hijos,b2c,COMPLETADO,PRV-2078,1,"438,49",0
PED-2026-00315,2026-07-09,Comercial Riera,B2C,completado,PRV-2062,2,112.10,0
PED-2026-00316,2026-07-20,Construcciones Elorza,MARKETPLACE,CANCELADO,PRV-2116,5,"366,70",15
PED-2026-00317,02/07/2026,Suministros Industriales Vega,b2c,COMPLETADO,PRV-2004,1,"69,96",0
PED-2026-00318,2026-07-26 08:23:00,Talleres Sanchez,Marketplace,CANCELADO,PRV-2033,5,337.70,0
PED-2026-00318,26-07-2026,Talleres Sanchez,Marketplace,CANCELADO,PRV-2119,"1,0","217,59",0
PED-2026-00318,2026-07-26,Talleres Sanchez,Marketplace,CANCELADO,PRV-2018,2,"231,70",10
PED-2026-00318,2026-07-26,  TALLERES SANCHEZ ,Marketplace,CANCELADO,PRV-2071,25,469.83,10
PED-2026-00318,26/07/2026,Talleres Sanchez,Marketplace,CANCELADO,PRV-2124,5,"219,92",15
PED-2026-00319,2026-07-24 18:05:00,Bricolaje Montseny,b2b,Completado,PRV-2085,1,"102,06",0
PED-2026-00319,24-07-2026,,b2b,Completado,PRV-2116,2,325.36,"0,1"
PED-2026-00320,2026-07-23,Hidraulica Levante,B2B,PENDIENTE,PRV-2084,10,"40,99",0
PED-2026-00320,2026-07-23,Hidraulica Levante,B2B,PENDIENTE,PRV-2092,10,"268,92",15
PED-2026-00320,23/07/2026,Hidraulica Levante,B2B,PENDIENTE,PRV-2061,2,48.13,5%
PED-2026-00320,2026-07-23 18:56:00,Hidraulica Levante,B2B,PENDIENTE,PRV-2053,50,"86,67",5
PED-2026-00321,03-07-2026,Suministros Industriales Vega,b2b,ENVIADO,PRV-2060,50,"246,41",5
PED-2026-00321,2026-07-03,Suministros Industriales Vega,b2b,ENVIADO,PRV-2003,"10,0",48.53,0
PED-2026-00321,2026-07-03,Suministros Industriales Vega,b2b,ENVIADO,PRV-2042,5,"280,48",10%
PED-2026-00321,03/07/2026,Suministros Industriales Vega,b2b,ENVIADO,PRV-2021,5,"239,97",0
PED-2026-00321,2026-07-03 12:42:00,Suministros Industriales Vega,b2b,ENVIADO,PRV-2104,2,94.88,"0,1"
PED-2026-00322,21-07-2026,  FERROLAB SA ,b2b,completado,PRV-2067,2,"285,48",5
PED-2026-00322,2026-07-21,Ferrolab SA,b2b,completado,PRV-2071,2,"500,56",5%
PED-2026-00322,2026-07-21,Ferrolab SA,b2b,completado,PRV-2108,1,6.25,10
PED-2026-00322,21/07/2026,Ferrolab SA,b2b,completado,PRV-2095,1,"97,97",5
PED-2026-00322,2026-07-21 09:58:00,Ferrolab SA,b2b,completado,PRV-2058,3,"182,70",5
PED-2026-00323,19-07-2026,Construcciones Elorza,b2c,COMPLETADO,PRV-6113,3,43.97,0
PED-2026-00323,2026-07-19,Construcciones Elorza,b2c,COMPLETADO,PRV-2018,5,"223,27",0
PED-2026-00324,2026-07-24,Ferreteria El Tornillo,B2C,COMPLETADO,PRV-2044,"2,0","208,67",0
PED-2026-00324,24/07/2026,Ferreteria El Tornillo,B2C,COMPLETADO,PRV-2117,1,479.94,0
PED-2026-00325,2026-07-05 16:21:00,Suministros Maresme,Marketplace,PENDIENTE,PRV-2122,25,"251,60",15%
PED-2026-00325,05-07-2026,Suministros Maresme,Marketplace,PENDIENTE,PRV-2010,50,"347,69",0
PED-2026-00325,2026-07-05,Suministros Maresme,Marketplace,PENDIENTE,PRV-2005,25,386.06,15
PED-2026-00325,2026-07-05,Suministros Maresme,Marketplace,PENDIENTE,PRV-2075,1,"597,79",5
PED-2026-00326,03/07/2026,  TALLERES SANCHEZ ,b2b,COMPLETADO,PRV-2101,1,"166,07",5%
PED-2026-00327,2026-08-15 10:04:00,Ferreteria El Tornillo,MARKETPLACE,completado,PRV-2036,1,322.64,5
PED-2026-00327,15-08-2026,Ferreteria El Tornillo,MARKETPLACE,completado,PRV-2017,2,"250,43",15
PED-2026-00327,2026-08-15,Ferreteria El Tornillo,MARKETPLACE,completado,PRV-2060,50,"259,11",0
PED-2026-00327,2026-08-15,Ferreteria El Tornillo,MARKETPLACE,completado,PRV-2117,25,428.39,0
PED-2026-00328,28/08/2026,Bricolaje Montseny,b2c,enviado,PRV-2105,"2,0","221,37",15
PED-2026-00328,2026-08-28 17:02:00,Bricolaje Montseny,b2c,enviado,PRV-2013,10,"500,01",0
PED-2026-00328,28-08-2026,Bricolaje Montseny,b2c,enviado,PRV-2110,25,256.00,15
PED-2026-00329,2026-08-15,Comercial Riera,B2C,completado,PRV-2032,1,"102,68",10%
PED-2026-00330,2026-08-20,Comercial Riera,B2B,ENVIADO,PRV-2088,3,"258,19",0
PED-2026-00330,20/08/2026,Comercial Riera,B2B,ENVIADO,PRV-2084,2,43.46,5
PED-2026-00330,2026-08-20 12:15:00,Comercial Riera,B2B,ENVIADO,PRV-2091,2,"301,95",0
PED-2026-00330,20-08-2026,Comercial Riera,B2B,ENVIADO,PRV-2090,5,"389,03",15%
PED-2026-00330,2026-08-20,  COMERCIAL RIERA ,B2B,ENVIADO,PRV-2090,2,362.42,"0,05"
PED-2026-00331,2026-08-06,Instalaciones Bermudez,b2b,COMPLETADO,PRV-2021,1,"231,55",5
PED-2026-00331,06/08/2026,Instalaciones Bermudez,b2b,COMPLETADO,PRV-2019,2,"581,73",0
PED-2026-00331,2026-08-06 12:19:00,Instalaciones Bermudez,b2b,COMPLETADO,PRV-2094,"25,0",277.85,5%
PED-2026-00331,06-08-2026,Instalaciones Bermudez,b2b,COMPLETADO,PRV-2001,-1,"376,03",10
PED-2026-00332,2026-08-23,Obras y Reformas Prat,B2B,COMPLETADO,PRV-2038,1,"203,90",0
PED-2026-00332,2026-08-23,Obras y Reformas Prat,B2B,COMPLETADO,PRV-2057,1,373.09,0
PED-2026-00332,23/08/2026,Obras y Reformas Prat,B2B,COMPLETADO,PRV-2014,1,"54,85",0
PED-2026-00332,2026-08-23 15:41:00,Obras y Reformas Prat,B2B,COMPLETADO,PRV-2079,1,"670,26",0
PED-2026-00333,22-08-2026,Ferreteria El Tornillo,Marketplace,completado,PRV-2050,5,78.32,0
PED-2026-00333,2026-08-22,Ferreteria El Tornillo,Marketplace,completado,PRV-2014,1,"62,66",5
PED-2026-00334,2026-08-06,Hidraulica Levante,b2c,COMPLETADO,PRV-2067,3,"287,41",0
PED-2026-00334,06/08/2026,Hidraulica Levante,b2c,COMPLETADO,PRV-2024,25,,0
PED-2026-00335,2026-08-16 15:43:00,  FERRETERIA EL TORNILLO ,B2C,COMPLETADO,PRV-2104,1,"93,20",0
PED-2026-00336,,Instalaciones Bermudez,MARKETPLACE,completado,PRV-2024,"10,0","68,57",0
PED-2026-00336,2026-08-28,Instalaciones Bermudez,MARKETPLACE,completado,PRV-2089,3,430.33,0
PED-2026-00336,2026-08-28,Instalaciones Bermudez,MARKETPLACE,completado,PRV-2061,1,"47,18",15
PED-2026-00336,28/08/2026,Instalaciones Bermudez,MARKETPLACE,completado,PRV-2087,1,"112,17",5
PED-2026-00337,2026-08-21 17:41:00,Suministros Industriales Vega,b2c,completado,PRV-2085,3,109.06,0
PED-2026-00337,21-08-2026,Suministros Industriales Vega,b2c,completado,PRV-2049,5,"410,97",15%
PED-2026-00338,2026-08-02,Instalaciones Bermudez,b2b,PENDIENTE,PRV-2070,5,"402,34",0
PED-2026-00338,2026-08-02,Instalaciones Bermudez,b2b,PENDIENTE,PRV-2064,2,379.26,5
PED-2026-00338,02/08/2026,Instalaciones Bermudez,b2b,PENDIENTE,PRV-2011,1,"24,38",0
PED-2026-00338,2026-08-02 09:57:00,Instalaciones Bermudez,b2b,PENDIENTE,PRV-2041,1,"547,02",10%
PED-2026-00338,02-08-2026,Instalaciones Bermudez,b2b,PENDIENTE,PRV-6179,1,26.58,0
PED-2026-00339,2026-08-26,Almacenes Duran e Hijos,b2c,COMPLETADO,PRV-2068,"5,0","216,61",0
PED-2026-00339,2026-08-26,  ALMACENES DURAN E HIJOS ,b2c,COMPLETADO,PRV-2037,1,"289,13",
PED-2026-00340,23/08/2026,Ferreteria El Tornillo,B2C,COMPLETADO,PRV-2083,5,98.39,0
PED-2026-00340,2026-08-23 10:02:00,Ferreteria El Tornillo,B2C,COMPLETADO,PRV-2078,1,"439,02",0
PED-2026-00340,23-08-2026,Ferreteria El Tornillo,B2C,COMPLETADO,PRV-2066,1,"466,07",15
PED-2026-00342,2026-09-14,Talleres Sanchez,MARKETPLACE,PENDIENTE,PRV-2057,3,334.23,10
PED-2026-00342,2026-09-14,Talleres Sanchez,MARKETPLACE,PENDIENTE,PRV-2049,1,"438,73",0
PED-2026-00343,07/09/2026,Bricolaje Montseny,b2b,completado,PRV-2008,5,"352,80",0
PED-2026-00343,2026-09-07 17:25:00,Bricolaje Montseny,b2b,completado,PRV-2115,1,276.11,10
PED-2026-00344,07-09-2026,Talleres Sanchez,b2b,COMPLETADO,PRV-2056,1,"134,71",0
PED-2026-00348,2026-09-14,Grupo Ferreteria Norte,MARKETPLACE,COMPLETADO,PRV-2109,1,"70,52",0
PED-2026-00349,2026-09-01,Construcciones Elorza,B2C,ENVIADO,PRV-2047,"1,0",66.49,0
PED-2026-00349,01/09/2026,Construcciones Elorza,B2C,ENVIADO,PRV-2037,2,"324,01",0
PED-2026-00352,2026-09-02 09:44:00,Ferrolab SA,MARKETPLACE,Completado,PRV-2074,1,"262,07",5
PED-2026-00352,02-09-2026,  FERROLAB SA ,MARKETPLACE,Completado,PRV-2066,5,484.62,0
PED-2026-00354,2026-09-02,Almacenes Duran e Hijos,B2B,enviado,PRV-2118,5,"583,30",0
PED-2026-00354,2026-09-02,Almacenes Duran e Hijos,B2B,enviado,PRV-2117,1,"479,20",0
PED-2026-00354,02/09/2026,Almacenes Duran e Hijos,B2B,enviado,PRV-2111,50,64.90,0
PED-2026-00354,2026-09-02 14:57:00,Almacenes Duran e Hijos,B2B,enviado,PRV-2024,1,"72,90",15%
PED-2026-00354,02-09-2026,Almacenes Duran e Hijos,B2B,enviado,PRV-2081,3,"102,68",0
PED-2026-00355,2026-09-11,Construcciones Elorza,Marketplace,ENVIADO,PRV-2085,5,103.80,0
PED-2026-00355,2026-09-11,Construcciones Elorza,Marketplace,ENVIADO,PRV-2030,3,"346,76",15
PED-2026-00355,11/09/2026,Construcciones Elorza,Marketplace,ENVIADO,PRV-2030,"1,0","359,36",10%
PED-2026-00355,2026-09-11 09:07:00,Construcciones Elorza,Marketplace,ENVIADO,PRV-2072,2,57.04,0
PED-2026-00356,14-09-2026,Ferrolab SA,b2b,COMPLETADO,PRV-2122,1,"247,65",5
PED-2026-00358,2026-09-01,Grupo Ferreteria Norte,B2B,COMPLETADO,PRV-2116,1,"344,42",10
PED-2026-00358,2026-09-01,Grupo Ferreteria Norte,B2B,COMPLETADO,PRV-2095,3,99.10,0
PED-2026-00358,01/09/2026,  GRUPO FERRETERIA NORTE ,B2B,COMPLETADO,PRV-2033,10,"371,95",0
PED-2026-00358,2026-09-01 17:18:00,Grupo Ferreteria Norte,B2B,COMPLETADO,PRV-2056,10,"127,58",0
PED-2026-00358,01-09-2026,Grupo Ferreteria Norte,B2B,COMPLETADO,PRV-2067,10,289.48,"0,05"
PED-2026-00359,2026-09-04,Almacenes Duran e Hijos,Marketplace,COMPLETADO,PRV-2059,10,"427,04",10%
PED-2026-00360,2026-09-14,Bricolaje Montseny,Marketplace,COMPLETADO,PRV-2083,2,"106,87",0
PED-2026-00360,14/09/2026,Bricolaje Montseny,Marketplace,COMPLETADO,PRV-2019,10,535.35,5
PED-2026-00361,2026-09-11 13:32:00,Instalaciones Bermudez,B2B,ENVIADO,PRV-2018,"1,0","225,12",0
PED-2026-00361,11-09-2026,Instalaciones Bermudez,B2B,ENVIADO,PRV-2120,0,"133,43",0
PED-2026-00363,2026-09-11,Ferreteria Los Olivos SL,b2b,completado,PRV-2016,1,321.71,0
PED-2026-00363,2026-09-11,Ferreteria Los Olivos SL,b2b,completado,PRV-2067,3,"294,59",5
PED-2026-00363,11/09/2026,Ferreteria Los Olivos SL,b2b,completado,PRV-2035,2,"295,57",0
PED-2026-00363,2026-09-11 11:51:00,Ferreteria Los Olivos SL,b2b,completado,PRV-2079,1,687.16,15%
PED-2026-00363,11-09-2026,Ferreteria Los Olivos SL,b2b,completado,PRV-2080,5,"402,93",0
PED-2026-00366,2026-09-11,  ALMACENES DURAN E HIJOS ,b2c,PENDIENTE,PRV-2008,50,"342,88",15
PED-2026-00366,2026-09-11,Almacenes Duran e Hijos,b2c,PENDIENTE,PRV-2073,2,290.88,0
PED-2026-00366,11/09/2026,Almacenes Duran e Hijos,b2c,PENDIENTE,PRV-2014,50,"54,67",0
PED-2026-00367,2026-09-03 10:10:00,Suministros Industriales Vega,B2B,completado,PRV-2075,2,"568,02",0
PED-2026-00367,03-09-2026,Suministros Industriales Vega,B2B,completado,PRV-2088,"1,0",258.55,5
PED-2026-00367,2026-09-03,Suministros Industriales Vega,B2B,completado,PRV-2123,1,"380,10",15
PED-2026-00367,2026-09-03,Suministros Industriales Vega,B2B,completado,PRV-2122,50,"253,03",0
PED-2026-00367,03/09/2026,Suministros Industriales Vega,B2B,completado,PRV-6183,5,117.67,"0,15"
PED-2026-00370,2026-09-11 13:58:00,Hidraulica Levante,b2c,ENVIADO,PRV-2106,3,"313,24",5
PED-2026-00370,11-09-2026,Hidraulica Levante,b2c,ENVIADO,PRV-2056,1,"132,34",0
PED-2026-00371,2026-09-02,Hidraulica Levante,b2b,PENDIENTE,PRV-2081,1,104.07,5%
PED-2026-00372,2026-09-10,Suministros Maresme,b2b,ENVIADO,PRV-2078,3,"467,27",5
PED-2026-00372,10/09/2026,,b2b,ENVIADO,PRV-2075,1,"531,15",0
PED-2026-00372,2026-09-10 18:39:00,  SUMINISTROS MARESME ,b2b,ENVIADO,PRV-2023,3,393.25,15
PED-2026-00372,10-09-2026,Suministros Maresme,b2b,ENVIADO,PRV-2057,3,"360,47",0
PED-2026-00359,2026-09-04,Almacenes Duran e Hijos,Marketplace,COMPLETADO,PRV-2059,10,"427,04",10%
PED-2026-00176,2026-01-27 16:07:00,Almacenes Duran e Hijos,B2C,ENVIADO,PRV-2003,1,"49,67",0
PED-2026-00228,2026-03-12 15:33:00,Obras y Reformas Prat,b2b,DEVUELTO,PRV-2002,1,"81,95",0
PED-2026-00246,2026-04-24,  FERRETERIA EL TORNILLO ,Marketplace,ENVIADO,PRV-2114,2,"163,37",0
PED-2025-00161,2025-12-06 19:20:00,Talleres Sanchez,B2B,enviado,PRV-2033,1,"339,20",0
PED-2026-00236,21/04/2026,Ferrolab SA,Marketplace,COMPLETADO,PRV-2124,1,"222,29",0
PED-2026-00237,2026-04-16,Construcciones Elorza,b2c,completado,PRV-2067,1,"302,99",10
PED-2025-00086,12/10/2025,Almacenes Duran e Hijos,MARKETPLACE,cancelado,PRV-2069,5,402.56,"0,05"
PED-2026-00259,2026-05-18,Distribuciones Aragon,Marketplace,cancelado,PRV-2059,0,463.82,5
